20161129-160448.wav,UK,'03599',Accepted,'17.22531's
20161129-160526.wav,UK,'96080',Accepted,'17.40893's
20161129-160602.wav,UK,'82335',Accepted,'14.76791's
20161129-160634.wav,UK,'20140',Accepted,'16.25991's
20161129-160710.wav,UK,'89800',Accepted,'16.27665's
20161129-160746.wav,UK,'53901',Accepted,'16.40723's
20161129-160824.wav,UK,'40020',Accepted,'16.48935's
20161129-160901.wav,UK,'20811',Accepted,'16.14827's
20161129-160934.wav,UK,'40010',Accepted,'57.39766's
20161129-161052.wav,UK,'50703',Accepted,'16.40987's
20161129-161125.wav,UK,'09040',Accepted,'16.43713's
20161129-161201.wav,UK,'304m60',Accepted,'18.12759's
20161129-161239.wav,UK,'30130',Accepted,'17.95791's
20161129-161315.wav,UK,'56010',Accepted,'17.61911's
20161129-161353.wav,UK,'08970',Accepted,'15.58532's
20161129-161425.wav,UK,'10720',Accepted,'16.08571's
20161129-161500.wav,UK,'70471',Accepted,'15.84724's
20161129-161537.wav,UK,'88520',Accepted,'18.03693's
20161129-161614.wav,UK,'09170',Accepted,'16.10134's
20161129-161651.wav,UK,'36070',Accepted,'16.57721's
20161129-161728.wav,UK,'32790',Accepted,'15.53899's
20161129-161801.wav,UK,'40600',Accepted,'17.68718's
20161129-161837.wav,UK,'07055',Accepted,'16.58035's
20161129-161913.wav,UK,'66660',Accepted,'14.67412's
20161129-161945.wav,UK,'95000',Accepted,'36.85497's
20161129-162040.wav,UK,'87590',Accepted,'17.30861's
20161129-162118.wav,UK,'be1333',Accepted,'17.65218's
20161129-162152.wav,UK,'40806',Accepted,'16.28509's
20161129-162225.wav,UK,'50300',Accepted,'15.96353's
20161129-162300.wav,UK,'46623',Accepted,'15.01202's
20161129-162333.wav,UK,'46404',Accepted,'15.45461's
20161129-162407.wav,UK,'69000',Accepted,'59.0288's
20161129-162524.wav,UK,'03000',Accepted,'15.74882's
20161129-162558.wav,UK,'07228',Accepted,'17.07543's
20161129-162633.wav,UK,'00567',Accepted,'17.7055's
20161129-162710.wav,UK,'36431',Accepted,'16.7237's
20161129-162744.wav,UK,'89874',Accepted,'16.58062's
20161129-162820.wav,UK,'42410',Accepted,'16.01879's
20161129-162854.wav,UK,'73600',Accepted,'18.70916's
20161129-162933.wav,UK,'00360',Accepted,'37.69881's
20161129-163029.wav,UK,'50100',Accepted,'15.45111's
20161129-163106.wav,UK,'16300',Accepted,'15.75842's
20161129-163137.wav,UK,'20850',Accepted,'16.71157's
20161129-163212.wav,UK,'86700',Accepted,'16.7223's
20161129-163248.wav,UK,'60722',Accepted,'17.35156's
20161129-163323.wav,UK,'14450',Accepted,'16.61443's
20161129-163400.wav,UK,'43046',Accepted,'15.95443's
20161129-163437.wav,UK,'95090',Accepted,'16.45366's
20161129-163515.wav,UK,'06010',Accepted,'37.76241's
20161129-163611.wav,UK,'17380',Accepted,'16.61863's
20161129-163646.wav,UK,'70133',Accepted,'16.04304's
20161129-163723.wav,UK,'58009',Accepted,'16.22289's
20161129-163757.wav,UK,'4e040',Accepted,'16.72467's
20161129-163834.wav,UK,'04870',Accepted,'16.35415's
20161129-163911.wav,UK,'07105',Accepted,'15.41959's
20161129-163945.wav,UK,'78311',Accepted,'15.8041's
20161129-164020.wav,UK,'00060',NotAccepted,'70.12928's
20161129-164151.wav,UK,'02734',Accepted,'15.34949's
20161129-164225.wav,UK,'01680020',NotAccepted,'86.49479's
20161129-164407.wav,UK,'05440',Accepted,'15.20776's
20161129-164442.wav,UK,'0785804012',Accepted,'27.46063's
20161129-164528.wav,UK,'6531436',Accepted,'44.87502's
20161129-164634.wav,UK,'47140',Accepted,'15.73541's
20161129-164712.wav,UK,'07000',NotAccepted,'82.76945's
20161129-164855.wav,UK,'6060708',NotAccepted,'86.40688's
20161129-165038.wav,UK,'53546',Accepted,'17.14509's
20161129-165115.wav,UK,'9613188095',Accepted,'26.9816's
20161129-165202.wav,UK,'36034060',Accepted,'56.9562's
20161129-165316.wav,UK,'17367i-35',Accepted,'57.7316's
20161129-165431.wav,UK,"'986â‚¬1,000.85'",NotAccepted,'93.12567's
20161129-165622.wav,UK,'033061100',NotAccepted,'91.50094's
20161129-165812.wav,UK,'702031',Accepted,'43.34148's
20161129-165913.wav,UK,'50903633',Accepted,'76.39737's
20161129-170048.wav,UK,'5673576',Accepted,'85.31575's
20161129-170231.wav,UK,'01914',Accepted,'15.37704's
20161129-170307.wav,UK,'31100',Accepted,'16.63156's
20161129-170345.wav,UK,'3/43/8931',Accepted,'82.30447's
20161129-170527.wav,UK,'51600',Accepted,'16.68673's
20161129-170603.wav,UK,'260400693',NotAccepted,'89.91115's
20161129-170753.wav,UK,'37705',Accepted,'16.00527's
20161129-170831.wav,UK,'909424601',Accepted,'60.4274's
20161129-170951.wav,UK,'109876678',Accepted,'47.63049's
20161129-171054.wav,UK,'30400',Accepted,'17.74877's
20161129-171132.wav,UK,'64831',Accepted,'15.88163's
20161129-171210.wav,UK,'50607705',Accepted,'55.47923's
20161129-171326.wav,UK,'339005556',Accepted,'48.7251's
20161129-171435.wav,UK,'0031367',NotAccepted,'88.1614's
20161129-171620.wav,UK,'7530467',Accepted,'76.11627's
20161129-171756.wav,UK,'4061647',NotAccepted,'85.85793's
20161129-172308.wav,US,'400603714',Accepted,'71.8781's
20161129-172438.wav,US,'90000',Accepted,'48.80441's
20161129-172549.wav,US,'646944760',Accepted,'27.17038's
20161129-172637.wav,US,'309779642',Accepted,'25.89933's
20161129-172722.wav,US,'3122500',Accepted,'52.73087's
20161129-172836.wav,US,'454575032',Accepted,'45.43628's
20161129-172944.wav,US,'71580',Accepted,'16.95278's
20161129-173020.wav,US,'088222824',Accepted,'24.62408's
20161129-173105.wav,US,'19498',Accepted,'15.59961's
20161129-173139.wav,US,'93826',Accepted,'17.12998's
20161129-173217.wav,US,'802111151',Accepted,'76.4348's
20161129-173353.wav,US,'7008523140',Accepted,'48.93816's
20161129-173458.wav,US,'77668876',Accepted,'57.84398's
20161129-173616.wav,US,'445487289',Accepted,'26.46174's
20161129-173706.wav,US,'3075021',Accepted,'43.33719's
20161129-173805.wav,US,'337953',NotAccepted,'85.55923's
20161129-173951.wav,US,'046711791',Accepted,'25.42453's
20161129-174036.wav,US,'67437893',Accepted,'43.96962's
20161129-174141.wav,US,'6405134',NotAccepted,'88.80667's
20161129-174330.wav,US,'1800309870',Accepted,'27.86382's
20161129-174415.wav,US,'546722459',Accepted,'24.79646's
20161129-174501.wav,US,'945469402',Accepted,'25.31237's
20161129-174543.wav,US,'73600',Accepted,'37.55236's
20161129-174639.wav,US,'1700701',Accepted,'54.45041's
20161129-174753.wav,US,'0387048',Accepted,'53.10585's
20161129-174904.wav,US,'87827',Accepted,'15.65617's
20161129-174942.wav,US,'54776239',Accepted,'58.3343's
20161129-175101.wav,US,'47028770',Accepted,'48.93118's
20161129-175209.wav,US,'33523',Accepted,'16.31336's
20161129-175246.wav,US,'95434',Accepted,'43.21959's
20161129-175348.wav,US,'4440431',Accepted,'85.27219's
20161129-175530.wav,US,'3849737',NotAccepted,'75.33686's
20161129-175703.wav,US,'029579',NotAccepted,'85.02397's
20161129-175848.wav,US,'85520',Accepted,'16.01266's
20161129-175922.wav,US,'498124827',Accepted,'28.47959's
20161129-180009.wav,US,'5591417697',Accepted,'26.41574's
20161129-180052.wav,US,'73849',Accepted,'16.29102's
20161129-180127.wav,US,'4322991',NotAccepted,'77.83549's
20161129-180301.wav,US,'945492542',NotAccepted,'87.59532's
20161129-180445.wav,US,'929250536',Accepted,'24.83621's
20161129-180529.wav,US,'34000',Accepted,'16.10003's
20161129-180603.wav,US,'60968',Accepted,'16.31815's
20161129-180638.wav,US,'25334',Accepted,'15.34135's
20161129-180713.wav,US,'36306',Accepted,'53.59303's
20161129-180826.wav,US,'00300',Accepted,'15.56755's
20161129-180901.wav,US,'4972075091',Accepted,'27.22547's
20161129-180950.wav,US,'83000',Accepted,'35.62211's
20161129-181047.wav,US,'6744003/8',Accepted,'57.81881's
20161129-181208.wav,US,'77965518',NotAccepted,'90.71737's
20161129-181400.wav,US,'388456',Accepted,'42.84115's
20161129-181501.wav,US,'96030',Accepted,'16.06474's
20161129-181532.wav,US,'950042',Accepted,'40.74682's
20161129-181631.wav,US,'5580666898',Accepted,'26.96145's
20161129-181717.wav,US,'07582162335',NotAccepted,'88.9108's
20161129-181902.wav,US,'2037566061',Accepted,'26.42427's
20161129-181949.wav,US,'8175882',Accepted,'53.96103's
20161129-182103.wav,US,'10420',Accepted,'15.86301's
20161129-182138.wav,US,'30455060',Accepted,'73.04227's
20161129-182309.wav,US,'52178702',Accepted,'46.35694's
20161129-182415.wav,US,'23324',NotAccepted,'79.36725's
20161129-182552.wav,US,'442734933',Accepted,'24.16119's
20161129-182635.wav,US,'86498628',NotAccepted,'91.14043's
20161129-182826.wav,US,'58845634',NotAccepted,'85.89182's
20161129-183012.wav,US,'1534343381',Accepted,'29.22609's
20161129-183101.wav,US,'12198645',Accepted,'55.16426's
20161129-183216.wav,US,'7855876393',Accepted,'27.85491's
20161129-183300.wav,US,'744542120',Accepted,'84.35223's
20161129-183442.wav,US,'726395033',Accepted,'26.24142's
20161129-183525.wav,US,'004119164',Accepted,'57.52784's
20161129-183641.wav,US,'9182221653',Accepted,'27.88482's
20161129-183725.wav,US,'41590293',Accepted,'55.72862's
20161129-183842.wav,US,'560440749',Accepted,'89.14212's
20161129-184032.wav,US,'931767169',Accepted,'26.9016's
20161129-184117.wav,US,'9349814',Accepted,'57.31039's
20161129-184234.wav,US,'1000740713',Accepted,'59.54507's
20161129-184352.wav,US,'854060475',Accepted,'87.94225's
20161129-184540.wav,US,'89691330',Accepted,'54.54812's
20161129-184655.wav,US,'9059357',NotAccepted,'89.13794's
20161129-184846.wav,US,'731223641',Accepted,'26.77078's
20161129-184934.wav,US,'051213447',NotAccepted,'87.93894's
20161129-185120.wav,US,'678863141',Accepted,'25.94315's
20161129-185205.wav,US,'8113855840',Accepted,'57.0468's
20161129-185318.wav,US,'8279900707',Accepted,'27.0123's
20161129-185402.wav,US,'972780870',Accepted,'25.94998's
20161129-185448.wav,US,'7341870318',Accepted,'29.08285's
20161129-185538.wav,US,'895959',NotAccepted,'83.3164's
20161129-185721.wav,US,'5133691244',Accepted,'27.58878's
20161129-185810.wav,US,'839481537',Accepted,'25.96973's
20161129-185856.wav,US,'32035221',Accepted,'53.87349's
20161129-190007.wav,US,'5327568641',Accepted,'26.38841's
20161129-190052.wav,US,'68275350',Accepted,'57.40329's
20161129-190209.wav,US,'456957467',Accepted,'25.51995's
20161129-190254.wav,US,'646107067',NotAccepted,'81.57528's
20161129-190434.wav,US,'977699',Accepted,'80.90654's
20161129-190613.wav,US,'003529418',NotAccepted,'87.27855's
20161129-190757.wav,US,'35043036',Accepted,'55.83956's
20161129-190914.wav,US,'53752069',NotAccepted,'81.98496's
20161129-191056.wav,US,'1361100174',Accepted,'57.74776's
20161129-191210.wav,US,'889005',NotAccepted,'87.95118's
20161129-191357.wav,US,'43458136',Accepted,'87.91551's
20161129-191544.wav,US,'412070202',Accepted,'58.57913's
20161129-191659.wav,US,'2515159435',Accepted,'27.9675's
20161129-191746.wav,US,'490638',Accepted,'54.20846's
20161129-191857.wav,US,'0014531527',Accepted,'27.10454's
20161129-191945.wav,US,'5735818038',Accepted,'27.24617's
20161129-192034.wav,US,'924341386',Accepted,'28.82779's
20161129-192120.wav,US,'3586364',NotAccepted,'84.06541's
20161129-192303.wav,US,'1797543054',Accepted,'26.95095's
20161129-192348.wav,US,'625756247',Accepted,'26.71816's
20161129-192435.wav,US,'38849',Accepted,'53.79566's
20161129-192546.wav,US,'41856600',NotAccepted,'84.42414's
20161129-192730.wav,US,'839073862',Accepted,'25.14548's
20161129-192814.wav,US,'9068296',NotAccepted,'88.64961's
20161129-193001.wav,US,'66873123',Accepted,'55.52886's
20161129-193117.wav,US,'567454105',Accepted,'56.24407's
20161129-193233.wav,US,'7941610631',Accepted,'28.28702's
20161129-193319.wav,US,'3384320463',Accepted,'28.65664's
20161129-193407.wav,US,'611725514',Accepted,'26.20115's
20161129-193454.wav,US,'783986824',Accepted,'26.21241's
20161129-193539.wav,US,'654567312',Accepted,'27.88783's
20161129-193628.wav,US,'179933',NotAccepted,'85.9722's
20161129-193816.wav,US,'978345425',NotAccepted,'85.97158's
20161129-193958.wav,US,'80568695',NotAccepted,'85.56324's
20161129-194141.wav,US,'09554056',Accepted,'84.85509's
20161129-194325.wav,US,'34683231',Accepted,'84.55938's
20161129-194509.wav,US,'3592359262',Accepted,'28.19515's
20161129-194557.wav,US,'317089',Accepted,'53.96883's
20161129-194709.wav,US,'0100040284',NotAccepted,'86.04961's
20161129-194856.wav,US,'4108055043',Accepted,'27.67766's
20161129-194946.wav,US,'03392943',NotAccepted,'89.64182's
20161129-195136.wav,US,'750461827',Accepted,'26.09347's
20161129-195224.wav,US,'3181553034',Accepted,'26.11812's
20161129-195312.wav,US,'636980124',Accepted,'25.3352's
20161129-195358.wav,US,'42061906',Accepted,'54.64881's
20161129-195510.wav,US,'08290832',Accepted,'53.29459's
20161129-195621.wav,US,'0557043475',Accepted,'27.28555's
20161129-195705.wav,US,'5171839516',Accepted,'26.61687's
20161129-195752.wav,US,'9453051',Accepted,'55.75177's
20161129-195909.wav,US,'7253063555',Accepted,'27.88186's
20161129-195957.wav,US,'97611607',Accepted,'59.21356's
20161129-200117.wav,US,'7345265',Accepted,'83.06313's
20161129-200259.wav,US,'9462317837',Accepted,'28.15332's
20161129-200343.wav,US,'9388379991',Accepted,'27.37266's
20161129-200432.wav,US,'97574432',Accepted,'85.61437's
20161129-200616.wav,US,'8161397277',Accepted,'27.29461's
20161129-200703.wav,US,'130172846',Accepted,'26.54157's
20161129-200749.wav,US,'449509819',NotAccepted,'90.57154's
20161129-200938.wav,US,'5254371131',Accepted,'26.74632's
20161129-201025.wav,US,'7574683674',Accepted,'26.45515's
20161129-201108.wav,US,'8488470123',Accepted,'27.87308's
20161129-201154.wav,US,'677660995',Accepted,'24.68893's
20161129-201235.wav,US,'9817083412',Accepted,'26.82515's
20161129-201324.wav,US,'2474511',Accepted,'54.23183's
20161129-201436.wav,US,'7033677283',Accepted,'26.77836's
20161129-201521.wav,US,'42514565',NotAccepted,'90.81755's
20161129-201713.wav,US,'639543797',Accepted,'27.80322's
20161129-201802.wav,US,'240401503',Accepted,'25.49182's
20161129-201846.wav,US,'706929130',Accepted,'55.93814's
20161129-202002.wav,US,'5829144',Accepted,'56.53259's
20161129-202116.wav,US,'95233637',Accepted,'90.12037's
20161129-202307.wav,US,'054808634',Accepted,'87.6772's
20161129-202451.wav,US,'4427264678',Accepted,'27.45191's
20161129-202538.wav,US,'8734874666',Accepted,'61.0539's
20161129-202656.wav,US,'5717213121',Accepted,'28.12896's
20161129-202743.wav,US,'3187535664',Accepted,'25.71328's
20161129-202830.wav,US,'83947810',NotAccepted,'84.94314's
20161129-203013.wav,US,'303731745',Accepted,'87.47053's
20161129-203158.wav,US,'4918034956',Accepted,'25.81313's
20161129-203242.wav,US,'1554145699',Accepted,'26.22991's
20161129-203328.wav,US,'72113355',Accepted,'54.93508's
20161129-203441.wav,US,'00978453',Accepted,'56.79745's
20161129-203557.wav,US,'3410532566',Accepted,'28.5759's
20161129-203648.wav,US,'99782118',NotAccepted,'87.37301's
20161129-203833.wav,US,'795103',Accepted,'52.18118's
20161129-203943.wav,US,'83417449',Accepted,'56.45988's
20161129-204056.wav,US,'6394516737',Accepted,'27.04515's
20161129-204143.wav,US,'97896603',Accepted,'57.77111's
20161129-204259.wav,US,'3035101480',Accepted,'27.82929's
20161129-204344.wav,US,'2333908535',Accepted,'27.60544's
20161129-204429.wav,US,'605544621',Accepted,'87.67602's
20161129-204613.wav,US,'522463304',Accepted,'57.36038's
20161129-204732.wav,US,'0147182970',Accepted,'28.00019's
20161129-204819.wav,US,'52103740',Accepted,'56.46595's
20161129-204934.wav,US,'7955272',NotAccepted,'89.14629's
20161129-205121.wav,US,'4032594086',Accepted,'28.18013's
20161129-205207.wav,US,'3018476',Accepted,'53.43212's
20161129-205320.wav,US,'6666438398',Accepted,'28.04731's
20161129-205404.wav,US,'1829076925',Accepted,'29.02411's
20161129-205452.wav,US,'73137155',Accepted,'88.28454's
20161129-205639.wav,US,'747984867',Accepted,'25.81831's
20161129-205725.wav,US,'418886845',Accepted,'27.1612's
20161129-205811.wav,US,'990750399',Accepted,'26.9984's
20161129-205856.wav,US,'9163814879',Accepted,'27.45561's
20161129-205940.wav,US,'7387996',Accepted,'52.66487's
20161129-210052.wav,US,'7657312393',Accepted,'27.47011's
20161129-210137.wav,US,'610584774',Accepted,'26.58171's
20161129-210224.wav,US,'0774714301',Accepted,'28.07738's
20161129-210312.wav,US,'1488920174',Accepted,'27.77302's
20161129-210400.wav,US,'59049535',Accepted,'56.42675's
20161129-210518.wav,US,'26920440',Accepted,'56.91706's
20161129-210634.wav,US,'8342407975',Accepted,'90.40475's
20161129-210824.wav,US,'405825493',Accepted,'56.94822's
20161129-210943.wav,US,'7087420',Accepted,'55.42022's
20161129-211056.wav,US,'50577',Accepted,'81.85946's
20161129-211238.wav,US,'15803992',Accepted,'55.00627's
20161129-211353.wav,US,'315893854',Accepted,'57.51227's
20161129-211508.wav,US,'109133389',Accepted,'57.20611's
20161129-211626.wav,US,'19995953',Accepted,'86.474's
20161129-211812.wav,US,'5667334',Accepted,'54.43107's
20161129-211923.wav,US,'593914726',Accepted,'25.30976's
20161129-212006.wav,US,'808515615',Accepted,'24.57232's
20161129-212050.wav,US,'843141',Accepted,'84.3208's
20161129-212235.wav,US,'369075114',Accepted,'87.1021's
20161129-212423.wav,US,'023528204',Accepted,'28.44217's
20161129-212512.wav,US,'1476373025',Accepted,'26.22778's
20161129-212558.wav,US,'86373467',NotAccepted,'90.37636's
20161129-212749.wav,US,'70070',Accepted,'16.00533's
20161129-212827.wav,US,'56300',Accepted,'15.56409's
20161129-212900.wav,US,'00300',Accepted,'36.66407's
20161129-212957.wav,US,'01642',Accepted,'16.81056's
20161129-213032.wav,US,'53964',Accepted,'17.47931's
20161129-213104.wav,US,'977583',NotAccepted,'82.72991's
20161129-213246.wav,US,'2074482986',Accepted,'27.86907's
20161129-213333.wav,US,'8564298',NotAccepted,'82.74816's
20161129-213514.wav,US,'1305158',Accepted,'54.07104's
20161129-213626.wav,US,'6135148513',Accepted,'27.41368's
20161129-213711.wav,US,'9310407',Accepted,'86.22443's
20161129-213853.wav,US,'504144495',Accepted,'25.92624's
20161129-213938.wav,US,'734353406',Accepted,'58.4743's
20161129-214054.wav,US,'152317',NotAccepted,'85.36853's
20161129-214241.wav,US,'1671660',NotAccepted,'85.7014's
20161129-214425.wav,US,'4077483',NotAccepted,'83.37124's
20161129-214607.wav,US,'3301985978',Accepted,'25.91151's
20161129-214653.wav,US,'56680',Accepted,'53.23812's
20161129-214806.wav,US,'45596367',Accepted,'87.11176's
20161129-214951.wav,US,'919810734',Accepted,'58.40153's
20161129-215110.wav,US,'1336229998',Accepted,'27.77906's
20161129-215155.wav,US,'1513022',Accepted,'86.17997's
20161129-215338.wav,US,'447539444',Accepted,'55.68571's
20161129-215454.wav,US,'10925441',NotAccepted,'90.70599's
20161129-215645.wav,US,'650424240',Accepted,'86.2305's
20161129-215830.wav,US,'4457973968',Accepted,'25.45052's
20161129-215916.wav,US,'57503807',Accepted,'55.94128's
20161129-220032.wav,US,'3306484271',Accepted,'27.17158's
20161129-220117.wav,US,'034770126',Accepted,'26.48208's
20161129-220203.wav,US,'3315518',NotAccepted,'85.03492's
20161129-220346.wav,US,'269805300',Accepted,'26.18103's
20161129-220428.wav,US,'2773305',Accepted,'54.77045's
20161129-220544.wav,US,'05675089',Accepted,'58.67812's
20161129-220701.wav,US,'146973585',Accepted,'28.01412's
20161129-220749.wav,US,'3019835843',Accepted,'27.14496's
20161129-220834.wav,US,'45350440',NotAccepted,'89.25066's
20161129-221025.wav,US,'4807443547',Accepted,'27.92085's
20161129-221112.wav,US,'244828626',Accepted,'25.30699's
20161129-221155.wav,US,'73160',Accepted,'52.92939's
20161129-221304.wav,US,'260432',NotAccepted,'85.69302's
20161129-221451.wav,US,'8506303',Accepted,'85.34007's
20161129-221635.wav,US,'3311700',NotAccepted,'86.68093's
20161129-221822.wav,US,'04465800',NotAccepted,'88.48439's
20161129-222006.wav,US,'737328731',Accepted,'85.61862's
20161129-222150.wav,US,'0710561292',Accepted,'29.8442's
20161129-222239.wav,US,'521745982',Accepted,'25.78394's
20161129-222324.wav,US,'518339',Accepted,'52.4568's
20161129-222432.wav,US,'0750185450',Accepted,'27.83632's
20161129-222518.wav,US,'632218575',Accepted,'26.12857's
20161129-222605.wav,US,'88682628',NotAccepted,'89.10015's
20161129-222752.wav,US,'9493603588',Accepted,'28.92036's
20161129-222841.wav,US,'616394037',Accepted,'25.26194's
20161129-222924.wav,US,'515576169',Accepted,'25.78296's
20161129-223009.wav,US,'865447298',Accepted,'26.85609's
20161129-223054.wav,US,'9652110788',Accepted,'27.61413's
20161129-223140.wav,US,'59115778',Accepted,'58.38664's
20161129-223256.wav,US,'39310829',NotAccepted,'86.86193's
20161129-223441.wav,US,'399977414',Accepted,'27.6093's
20161129-223526.wav,US,'49775355',NotAccepted,'85.92045's
20161129-223709.wav,US,'235253811',NotAccepted,'91.13062's
20161129-223900.wav,US,'5469006699',Accepted,'28.47811's
20161129-223945.wav,US,'028238704',Accepted,'25.04162's
20161129-224029.wav,US,'991079445',Accepted,'86.25861's
20161129-224214.wav,US,'843918',Accepted,'50.94157's
20161129-224323.wav,US,'633881561',NotAccepted,'94.75904's
20161129-224517.wav,US,'1893955',Accepted,'53.07337's
20161129-224631.wav,US,'5280747',NotAccepted,'83.87671's
20161129-224813.wav,US,'3755047793',Accepted,'26.38001's
20161129-224900.wav,US,'949645',Accepted,'52.76425's
20161129-225015.wav,US,'79980934',Accepted,'56.21597's
20161129-225129.wav,US,'2309151591',Accepted,'26.82708's
20161129-225215.wav,US,'188045796',NotAccepted,'86.17702's
20161129-225359.wav,US,'274409460',Accepted,'26.2433's
20161129-225444.wav,US,'5842382',Accepted,'53.71832's
20161129-225558.wav,US,'7712599',Accepted,'84.70503's
20161129-225741.wav,US,'16615882',Accepted,'54.71093's
20161129-225853.wav,US,'4167428058',Accepted,'28.0116's
20161129-225938.wav,US,'3017574361',Accepted,'27.48854's
20161129-230026.wav,US,'317545594',NotAccepted,'85.16668's
20161129-230207.wav,US,'781560945',Accepted,'25.22924's
20161129-230251.wav,US,'495722032234',Accepted,'59.45686's
20161129-230410.wav,US,'812616884',Accepted,'26.27962's
20161129-230455.wav,US,'510948811',NotAccepted,'89.62209's
20161129-230644.wav,US,'90706275',Accepted,'55.34592's
20161129-230759.wav,US,'95059569',Accepted,'55.36302's
20161129-230914.wav,US,'785145511',Accepted,'26.26783's
20161129-230956.wav,US,'1607941976',Accepted,'27.39505's
20161129-231044.wav,US,'206831',Accepted,'53.98842's
20161129-231155.wav,US,'818706675',Accepted,'25.64819's
20161129-231241.wav,US,'592370478',Accepted,'27.61726's
20161129-231327.wav,US,'728668805',Accepted,'26.74925's
20161129-231414.wav,US,'85886730',NotAccepted,'85.31984's
20161129-231556.wav,US,'3462919251',Accepted,'25.72742's
20161129-231641.wav,US,'780910605',Accepted,'26.4044's
20161129-231727.wav,US,'7805398704',Accepted,'27.70012's
20161129-231811.wav,US,'165980045',Accepted,'26.45503's
20161129-231859.wav,US,'78490906',Accepted,'87.33064's
20161129-232045.wav,US,'96516421',Accepted,'57.034's
20161129-232204.wav,US,'246534980',Accepted,'59.24484's
20161129-232321.wav,US,'9505481045',Accepted,'28.26429's
20161129-232410.wav,US,'7741827500',Accepted,'28.07438's
20161129-232457.wav,US,'63631268',Accepted,'85.75861's
20161129-232643.wav,US,'40406674',Accepted,'57.81647's
20161129-232759.wav,US,'2389545362',Accepted,'27.70035's
20161129-232847.wav,US,'5030842767',Accepted,'27.44081's
20161129-232932.wav,US,'6438031384',Accepted,'27.21883's
20161129-233018.wav,US,'1093048946',Accepted,'61.1015's
20161129-233139.wav,US,'00210',Accepted,'15.40499's
20161129-233213.wav,US,'92248',Accepted,'17.29356's
20161129-233246.wav,US,'34480',Accepted,'16.66338's
20161129-233319.wav,US,'98460',Accepted,'15.8228's
20161129-233354.wav,US,'72814',Accepted,'16.16763's
20161129-233429.wav,US,'18912',Accepted,'17.3635's
20161129-233505.wav,US,'81130',Accepted,'16.89982's
20161129-233540.wav,US,'30000',Accepted,'16.48931's
20161129-233617.wav,US,'96100',Accepted,'16.88264's
20161129-233651.wav,US,'70658959',NotAccepted,'87.31437's
20161129-233841.wav,US,'35242721',Accepted,'83.69514's
20161129-234027.wav,US,'3546336',Accepted,'55.44422's
20161129-234138.wav,US,'681888955',Accepted,'26.71106's
20161129-234222.wav,US,'905204453',Accepted,'26.52264's
20161129-234308.wav,US,'793307',NotAccepted,'80.45802's
20161129-234448.wav,US,'206346629',Accepted,'26.17072's
20161129-234532.wav,US,'20361358',Accepted,'55.80785's
20161129-234647.wav,US,'7389572',NotAccepted,'87.22906's
20161129-234836.wav,US,'568234253',Accepted,'25.21293's
20161129-234922.wav,US,'904743',NotAccepted,'87.58241's
20161129-235110.wav,US,'61298',Accepted,'53.67143's
20161129-235224.wav,US,'9237743',Accepted,'85.4797's
20161129-235407.wav,US,'416500030',Accepted,'25.41693's
20161129-235450.wav,US,'257792632',Accepted,'25.89841's
20161129-235536.wav,US,'3573646787',Accepted,'28.24277's
20161129-235620.wav,US,'42239969202',Accepted,'60.02415's
20161129-235737.wav,US,'971335',Accepted,'51.98107's
20161129-235849.wav,US,'260354706',Accepted,'26.52923's
20161129-235934.wav,US,'3634142',NotAccepted,'91.71526's
20161130-000126.wav,US,'7464872002',Accepted,'27.02643's
20161130-000212.wav,US,'51091973295',Accepted,'88.46385's
20161130-000358.wav,US,'9099428108',Accepted,'26.6725's
20161130-000443.wav,US,'63377014',Accepted,'55.01763's
20161130-000557.wav,US,'3839539286',Accepted,'27.45783's
20161130-000643.wav,US,'923494199',Accepted,'26.29575's
20161130-000728.wav,US,'6969367767',Accepted,'27.84551's
20161130-000816.wav,US,'56685798',Accepted,'54.57828's
20161130-000931.wav,US,'1547401838',Accepted,'26.31998's
20161130-001015.wav,US,'03420863',Accepted,'56.33761's
20161130-001131.wav,US,'5882135',Accepted,'55.47004's
20161130-001244.wav,US,'968716259',Accepted,'87.12985's
20161130-001430.wav,US,'0894226111',Accepted,'27.20861's
20161130-001516.wav,US,'329288457',Accepted,'25.32803's
20161130-001558.wav,US,'636528',Accepted,'55.33465's
20161130-001714.wav,US,'68788558',Accepted,'56.46515's
20161130-001829.wav,US,'1281428134',Accepted,'26.28078's
20161130-001915.wav,US,'83204421',Accepted,'86.58723's
20161130-002100.wav,US,'603528321',Accepted,'24.24028's
20161130-002143.wav,US,'9066712311',Accepted,'27.51227's
20161130-002231.wav,US,'41719809',NotAccepted,'84.68513's
20161130-002417.wav,US,'707167456',NotAccepted,'92.32862's
20161130-002610.wav,US,'67757238',Accepted,'56.36376's
20161130-002727.wav,US,'726283066',Accepted,'27.89383's
20161130-002812.wav,US,'1619803034',Accepted,'26.56871's
20161130-002859.wav,US,'1272658',NotAccepted,'84.94974's
20161130-003041.wav,US,'3263224511',Accepted,'28.20006's
20161130-003125.wav,US,'109481544',Accepted,'57.60574's
20161130-003242.wav,US,'48232741',Accepted,'88.47706's
20161130-003431.wav,US,'307367065',Accepted,'54.98782's
20161130-003542.wav,US,'800796628',Accepted,'28.54869's
20161130-003630.wav,US,'59701062',NotAccepted,'87.16116's
20161130-003815.wav,US,'0202150453',Accepted,'30.25378's
20161130-003906.wav,US,'744994834',Accepted,'26.39049's
20161130-003952.wav,US,'827055560',Accepted,'26.98244's
20161130-004039.wav,US,'13208871',Accepted,'55.70431's
20161130-004150.wav,US,'529230949',Accepted,'56.84751's
20161130-004303.wav,US,'5476056483',Accepted,'26.88682's
20161130-004352.wav,US,'4685506465',Accepted,'27.10155's
20161130-004439.wav,US,'070515271',Accepted,'26.96946's
20161130-004526.wav,US,'536740923',Accepted,'27.67417's
20161130-004613.wav,US,'2003947544',Accepted,'26.37687's
20161130-004657.wav,US,'607327996',Accepted,'26.83446's
20161130-004742.wav,US,'1587172',NotAccepted,'90.08251's
20161130-004929.wav,US,'9358423217',Accepted,'26.13116's
20161130-005013.wav,US,'72731',Accepted,'52.32099's
20161130-005127.wav,US,'6438489304',Accepted,'27.70307's
20161130-005215.wav,US,'3280193138',Accepted,'90.01162's
20161130-005403.wav,US,'12953272',NotAccepted,'91.32335's
20161130-005555.wav,US,'742192440',Accepted,'26.26635's
20161130-005642.wav,US,'6829536180',Accepted,'27.8598's
20161130-005731.wav,US,'19640',Accepted,'15.56249's
20161130-005805.wav,US,'85037',Accepted,'16.50884's
20161130-005843.wav,US,'18800',Accepted,'16.40328's
20161130-005920.wav,US,'91010',Accepted,'17.78137's
20161130-005957.wav,US,'47300',Accepted,'15.90845's
20161130-010031.wav,US,'39000',Accepted,'38.47017's
20161130-010129.wav,US,'90000',Accepted,'56.3697's
20161130-010246.wav,US,'4911373855',Accepted,'27.09382's
20161130-010334.wav,US,'96913044',Accepted,'57.35047's
20161130-010449.wav,US,'394313996',Accepted,'28.95375's
20161130-010537.wav,US,'173645286',NotAccepted,'86.03903's
20161130-010725.wav,US,'83315633',NotAccepted,'90.47353's
20161130-010915.wav,US,'6194674043',Accepted,'26.45251's
20161130-010958.wav,US,'036329090',Accepted,'54.4194's
20161130-011110.wav,US,'3117864349',Accepted,'27.20607's
20161130-011152.wav,US,'310305318',Accepted,'26.89973's
20161130-011236.wav,US,'8466414421',Accepted,'28.023's
20161130-011324.wav,US,'881932433',Accepted,'26.13926's
20161130-011408.wav,US,'8961427064',Accepted,'26.45714's
20161130-011457.wav,US,'83965349',Accepted,'54.71665's
20161130-011610.wav,US,'9442369',Accepted,'55.97642's
20161130-011726.wav,US,'7057413007',Accepted,'26.9725's
20161130-011811.wav,US,'78919433',Accepted,'82.74961's
20161130-011953.wav,US,'68686676',Accepted,'88.79437's
20161130-012140.wav,US,'12149002',Accepted,'56.54002's
20161130-012252.wav,US,'77348989',Accepted,'54.90563's
20161130-012407.wav,US,'64740063',Accepted,'86.74025's
20161130-012554.wav,US,'914599400',Accepted,'59.60751's
20161130-012710.wav,US,'39476500',Accepted,'57.71928's
20161130-012829.wav,US,'44352161',Accepted,'55.83245's
20161130-012944.wav,US,'4414391268',Accepted,'26.581's
20161130-013030.wav,US,'235495726',Accepted,'27.0207's
20161130-013118.wav,US,'9605578',NotAccepted,'83.85825's
20161130-013302.wav,US,'804008461',Accepted,'87.77236's
20161130-013451.wav,US,'3497388897',Accepted,'27.57029's
20161130-013540.wav,US,'239005971',Accepted,'87.58853's
20161130-013726.wav,US,'847605513',Accepted,'56.21197's
20161130-013843.wav,US,'98197165',Accepted,'52.29206's
20161130-013953.wav,US,'9273296476',Accepted,'27.45632's
20161130-014043.wav,US,'915189415',Accepted,'26.64225's
20161130-021549.wav,UK,'90300',Accepted,'53.76337's
20161130-021701.wav,UK,'07074225',NotAccepted,'85.93388's
20161130-021844.wav,UK,'31538170',NotAccepted,'88.28382's
20161130-022031.wav,UK,'205879077',NotAccepted,'90.37229's
20161130-022221.wav,UK,'94102356',NotAccepted,'89.16786's
20161130-022408.wav,UK,'3254904011',NotAccepted,'94.90221's
20161130-022600.wav,UK,'48349072',NotAccepted,'90.19312's
20161130-022749.wav,UK,'60550783',NotAccepted,'90.01473's
20161130-022935.wav,UK,'060334',Accepted,'53.82769's
20161130-023049.wav,UK,'070400690',Accepted,'58.2694's
20161130-023206.wav,UK,'601367751',NotAccepted,'91.95982's
20161130-023355.wav,UK,'30110120',NotAccepted,'90.2458's
20161130-023543.wav,UK,'57035006',NotAccepted,'88.90791's
20161130-023731.wav,UK,'107006601',Accepted,'57.91582's
20161130-025239.wav,UK,'500013',NotAccepted,'86.50539's
20161130-025424.wav,UK,'184742472',Accepted,'27.72245's
20161130-025514.wav,UK,'1461093',NotAccepted,'87.3488's
20161130-025703.wav,UK,'16550106',NotAccepted,'88.09475's
20161130-030058.wav,UK,'01444642969',NotAccepted,'89.84718's
20161130-030926.wav,UK,'50063515',NotAccepted,'82.27689's
20161130-031110.wav,UK,'0486030',Accepted,'85.36902's
20161130-031254.wav,UK,'441137',Accepted,'56.02426's
20161130-031411.wav,UK,'5665424754',Accepted,'28.51085's
20161130-031459.wav,UK,'9156s4001',NotAccepted,'93.13914's
20161130-031652.wav,UK,'67047639',NotAccepted,'86.41438's
20161130-031837.wav,UK,'427961',NotAccepted,'83.94639's
20161130-032019.wav,UK,'03460010',NotAccepted,'90.34217's
20161130-032318.wav,UK,'047171154',NotAccepted,'88.35468's
20161130-032507.wav,UK,'70517507',Accepted,'56.46276's
20161130-032622.wav,UK,'560935070',NotAccepted,'93.1411's
20161130-033019.wav,UK,'63071871',Accepted,'57.40771's
20161130-033132.wav,UK,'5099056137',NotAccepted,'92.91709's
20161130-033323.wav,UK,'80050104',Accepted,'88.59986's
20161130-033507.wav,UK,'30946234',Accepted,'55.67283's
20161130-033624.wav,UK,'65a4146',NotAccepted,'88.13117's
20161130-033811.wav,UK,'4003007',Accepted,'55.45141's
20161130-033923.wav,UK,'10660403',Accepted,'81.049's
20161130-034102.wav,UK,'300597',Accepted,'82.02782's
20161130-034244.wav,UK,'9314271',NotAccepted,'90.69939's
20161130-034432.wav,UK,'0703151472',NotAccepted,'89.22052's
20161130-034621.wav,UK,'45090',NotAccepted,'90.49932's
20161130-034809.wav,UK,'40340160',NotAccepted,'82.92752's
20161130-034951.wav,UK,'40940637',NotAccepted,'94.87578's
20161130-035143.wav,UK,'190800',NotAccepted,'86.17199's
20161130-035326.wav,UK,'176072',NotAccepted,'86.42917's
20161130-035512.wav,UK,'4081074603',NotAccepted,'92.49936's
20161130-035707.wav,UK,'20160060',Accepted,'88.97647's
20161130-035853.wav,UK,'02077359923',NotAccepted,'90.34016's
20161130-040044.wav,UK,'0914904',NotAccepted,'88.16382's
20161130-040228.wav,UK,'a87044077',NotAccepted,'94.20849's
20161130-040419.wav,UK,'861416513',NotAccepted,'92.01207's
20161130-040612.wav,UK,'40601300',Accepted,'53.34811's
20161130-040725.wav,UK,'565028005',NotAccepted,'90.45269's
20161130-040915.wav,UK,'0138733',NotAccepted,'87.53617's
20161130-041059.wav,UK,'19800009',Accepted,'59.99914's
20161130-041220.wav,UK,'401645050',NotAccepted,'87.35353's
20161130-041407.wav,UK,'439677654',Accepted,'27.1746's
20161130-041453.wav,UK,'7350113140',Accepted,'55.54683's
20161130-041611.wav,UK,'3703593007',Accepted,'26.54916's
20161130-041658.wav,UK,'10630653',NotAccepted,'91.50348's
20161130-041847.wav,UK,'50776317',NotAccepted,'81.87358's
20161130-042026.wav,UK,'040336666',Accepted,'67.8266's
20161130-042152.wav,UK,'94538',Accepted,'15.90891's
20161130-042227.wav,UK,'03790',Accepted,'14.9701's
20161130-042301.wav,UK,'13375',Accepted,'17.00613's
20161130-042338.wav,UK,'60900',Accepted,'17.48887's
20161130-042413.wav,UK,'20603',NotAccepted,'76.91588's
20161130-042552.wav,UK,'00075',Accepted,'17.08375's
20161130-042627.wav,UK,'12385',Accepted,'14.92887's
20161130-042703.wav,UK,'10000',Accepted,'37.401's
20161130-042759.wav,UK,'0279004161',Accepted,'28.37055's
20161130-042845.wav,UK,'0075is4300',NotAccepted,'91.67865's
20161130-043037.wav,UK,'09005672',NotAccepted,'87.24377's
20161130-043223.wav,UK,'405360940',NotAccepted,'94.70258's
20161130-043418.wav,UK,'5050701',NotAccepted,'87.16529's
20161130-043601.wav,UK,'112171142',Accepted,'25.85617's
20161130-043645.wav,UK,'03370347',NotAccepted,'86.16699's
20161130-043833.wav,UK,'508099169',Accepted,'27.1342's
20161130-043919.wav,UK,'470872',NotAccepted,'84.23777's
20161130-044103.wav,UK,'452004616',NotAccepted,'92.98335's
20161130-044258.wav,UK,'0536930502',Accepted,'89.41489's
20161130-044449.wav,UK,'35s996990',NotAccepted,'95.14548's
20161130-044644.wav,UK,'6014011923',Accepted,'57.54511's
20161130-044803.wav,UK,'430v80100',Accepted,'87.6467's
20161130-044950.wav,UK,'209901',Accepted,'53.64907's
20161130-045059.wav,UK,'700353535',NotAccepted,'93.74072's
20161130-045252.wav,UK,'7000716017',Accepted,'60.67032's
20161130-045412.wav,UK,'723020680',NotAccepted,'93.43872's
20161130-045601.wav,UK,'9076751',NotAccepted,'83.09659's
20161130-045744.wav,UK,'41940',NotAccepted,'86.01127's
20161130-045929.wav,UK,'50400505',NotAccepted,'89.66077's
20161130-050117.wav,UK,'7309c009',NotAccepted,'96.74875's
20161130-050314.wav,UK,'0559077551',NotAccepted,'96.83666's
20161130-050508.wav,UK,'10366554',Accepted,'60.82955's
20161130-050628.wav,UK,'359654000',NotAccepted,'89.40326's
20161130-050816.wav,UK,'3730718',NotAccepted,'91.59815's
20161130-051004.wav,UK,'30683585',Accepted,'56.46773's
20161130-051121.wav,UK,'958033029',NotAccepted,'88.47294's
20161130-051308.wav,UK,'60701',NotAccepted,'88.75798's
20161130-051454.wav,UK,'694105207',Accepted,'90.83251's
20161130-051644.wav,UK,'96521150',NotAccepted,'91.66197's
20161130-051836.wav,UK,'930060',NotAccepted,'84.49691's
20161130-052020.wav,UK,'10070605',NotAccepted,'94.78521's
20161130-052215.wav,UK,'35772034',Accepted,'53.10694's
20161130-052326.wav,UK,'4090320149',NotAccepted,'93.10334's
20161130-052519.wav,UK,'qr0053606',NotAccepted,'96.10566's
20161130-052712.wav,UK,'020450149',NotAccepted,'93.20033's
20161130-052907.wav,UK,'932177442',Accepted,'87.81028's
20161130-053054.wav,UK,'6067690439',Accepted,'58.98311's
20161130-053211.wav,UK,'0116142',Accepted,'81.38815's
20161130-053351.wav,UK,'4071167854',Accepted,'25.6127's
20161130-053438.wav,UK,'2500980174',NotAccepted,'90.36342's
20161130-053626.wav,UK,'5009049',NotAccepted,'86.83508's
20161130-053815.wav,UK,'35970514',NotAccepted,'95.38889's
20161130-054011.wav,UK,'8917712355',Accepted,'28.90248's
20161130-054057.wav,UK,'31390723',Accepted,'58.67655's
20161130-054213.wav,UK,'487775199',Accepted,'27.15492's
20161130-054258.wav,UK,'0037030',NotAccepted,'89.44286's
20161130-054444.wav,UK,'009577303',NotAccepted,'91.42683's
20161130-054633.wav,UK,'0605546',Accepted,'86.35527's
20161130-054817.wav,UK,'045140064',Accepted,'58.47681's
20161130-054934.wav,UK,'70570132',NotAccepted,'89.05723's
20161130-055120.wav,UK,'00000000000000000000000400000000000',NotAccepted,'209.20484's
20161130-055511.wav,UK,'670479353',NotAccepted,'91.82151's
20161130-055700.wav,UK,'01366171',NotAccepted,'92.53899's
20161130-055855.wav,UK,'103/49535',Accepted,'62.34702's
20161130-060019.wav,UK,'5050037666',NotAccepted,'93.37198's
20161130-060212.wav,UK,'96551118',NotAccepted,'90.01635's
20161130-060402.wav,UK,'23503050',NotAccepted,'92.49424's
20161130-060555.wav,UK,'0153969',NotAccepted,'86.22316's
20161130-060740.wav,UK,'84314118',NotAccepted,'87.63047's
20161130-060928.wav,UK,'403710273',NotAccepted,'83.42246's
20161130-061112.wav,UK,'954657',NotAccepted,'82.39083's
20161130-061251.wav,UK,'423000701',NotAccepted,'93.26072's
20161130-061441.wav,UK,'901290',NotAccepted,'85.88145's
20161130-061626.wav,UK,'3123632',Accepted,'54.83775's
20161130-061743.wav,UK,'371009983',Accepted,'26.84224's
20161130-061827.wav,UK,'376186414',Accepted,'26.42276's
20161130-061910.wav,UK,'036357',NotAccepted,'85.96697's
20161130-062056.wav,UK,'046730704',Accepted,'56.38697's
20161130-062211.wav,UK,'160449015',Accepted,'27.45002's
20161130-062257.wav,UK,'364641',NotAccepted,'88.62428's
20161130-062444.wav,UK,'416774536',Accepted,'55.51149's
20161130-062557.wav,UK,'0050400045',NotAccepted,'92.41848's
20161130-062746.wav,UK,'555152',Accepted,'84.25388's
20161130-062929.wav,UK,'3115447',NotAccepted,'95.39088's
20161130-063123.wav,UK,'60247109',NotAccepted,'88.7389's
20161130-063316.wav,UK,'01752041',NotAccepted,'88.16098's
20161130-063503.wav,UK,'07346811',NotAccepted,'65.99303's
20161130-063628.wav,UK,'06247946',NotAccepted,'93.75206's
20161130-063819.wav,UK,'678523932',Accepted,'26.08166's
20161130-063905.wav,UK,'90700',Accepted,'38.85056's
20161130-064003.wav,UK,'7006053',Accepted,'69.45273's
20161130-064131.wav,UK,'02100',Accepted,'47.4335's
20161130-064241.wav,UK,'73070',Accepted,'17.43716's
20161130-064318.wav,UK,'60331',Accepted,'16.15255's
20161130-064352.wav,UK,'03000',Accepted,'40.54713's
20161130-064450.wav,UK,'20506',Accepted,'14.95287's
20161130-064525.wav,UK,'45180',Accepted,'18.35769's
20161130-064602.wav,UK,'70000',Accepted,'16.61287's
20161130-064638.wav,UK,'06580',Accepted,'16.46188's
20161130-064715.wav,UK,'77795',Accepted,'17.00611's
20161130-064750.wav,UK,'95454',Accepted,'16.8944's
20161130-064824.wav,UK,'66900',Accepted,'15.60069's
20161130-064859.wav,UK,'20620',Accepted,'15.45689's
20161130-064934.wav,UK,'08010',Accepted,'16.1365's
20161130-065009.wav,UK,'17546',Accepted,'15.78797's
20161130-065047.wav,UK,'30500',NotAccepted,'66.14064's
20161130-065210.wav,UK,'44200',Accepted,'16.44658's
20161130-065243.wav,UK,'13947',Accepted,'16.04981's
20161130-065318.wav,UK,'35096',Accepted,'16.46842's
20161130-065352.wav,UK,'70030',Accepted,'16.23673's
20161130-065430.wav,UK,'10050',Accepted,'58.67272's
20161130-065549.wav,UK,'97656',Accepted,'14.78501's
20161130-065623.wav,UK,'60700',Accepted,'36.47229's
20161130-065716.wav,UK,'81470',Accepted,'16.29548's
20161130-065755.wav,UK,'71006',Accepted,'16.08186's
20161130-065830.wav,UK,'63400',Accepted,'39.0013's
20161130-065927.wav,UK,'03030',Accepted,'17.67033's
20161130-070003.wav,UK,'07561',Accepted,'15.26851's
20161130-070036.wav,UK,'99403',Accepted,'17.57384's
20161130-070113.wav,UK,'51500',Accepted,'15.30269's
20161130-070145.wav,UK,'73530',Accepted,'19.66215's
20161130-070221.wav,UK,'67000',Accepted,'61.19465's
20161130-070343.wav,UK,'47096',Accepted,'16.28321's
20161130-070417.wav,UK,'63069047',Accepted,'76.78544's
20161130-070553.wav,UK,'62667',Accepted,'18.60423's
20161130-070630.wav,UK,'01169806',NotAccepted,'88.88376's
20161130-070817.wav,UK,'01883185',NotAccepted,'89.5879's
20161130-071005.wav,UK,'600169200',NotAccepted,'85.75347's
20161130-071147.wav,UK,'530560803',NotAccepted,'93.30118's
20161130-071340.wav,UK,'371932771',NotAccepted,'92.05295's
20161130-071529.wav,UK,'386575010',NotAccepted,'95.13296's
20161130-071726.wav,UK,'029096743',Accepted,'88.87033's
20161130-071913.wav,UK,'004384',Accepted,'40.08449's
20161130-072013.wav,UK,'60812',Accepted,'17.43444's
20161130-072051.wav,UK,'50800',Accepted,'60.06016's
20161130-072210.wav,UK,'11054',Accepted,'15.42264's
20161130-072248.wav,UK,'67180',Accepted,'15.69351's
20161130-072319.wav,UK,'33/4164374',Accepted,'26.73077's
20161130-072403.wav,UK,'520480130',Accepted,'57.5895's
20161130-072517.wav,UK,'60684',Accepted,'86.87397's
20161130-072706.wav,UK,'00405009',Accepted,'57.2047's
20161130-072823.wav,UK,'11009',NotAccepted,'89.61351's
20161130-073013.wav,UK,'01462342541',Accepted,'87.05741's
20161130-073202.wav,UK,'600902507',Accepted,'89.19112's
20161130-073350.wav,UK,'404666',NotAccepted,'85.40464's
20161130-073533.wav,UK,'5000150',NotAccepted,'90.2465's
20161130-073723.wav,UK,'505501190',Accepted,'88.16789's
20161130-073910.wav,UK,'954158',NotAccepted,'85.60048's
20161130-074054.wav,UK,'31000301',Accepted,'92.49055's
20161130-074245.wav,UK,'8020307516',Accepted,'58.78001's
20161130-074404.wav,UK,'6760561',NotAccepted,'89.23074's
20161130-074554.wav,UK,'2270076303',Accepted,'27.39103's
20161130-074639.wav,UK,'902107',NotAccepted,'86.62569's
20161130-074824.wav,UK,'090766743',Accepted,'24.5009's
20161130-074906.wav,UK,'047310362',NotAccepted,'93.08078's
20161130-075059.wav,UK,'623102505',NotAccepted,'92.66496's
20161130-075249.wav,UK,'0079796',NotAccepted,'86.11893's
20161130-075434.wav,UK,'cr05400098',NotAccepted,'101.23298's
20161130-075632.wav,UK,'4057430708',NotAccepted,'86.30089's
20161130-075817.wav,UK,'0026430225',Accepted,'60.77686's
20161130-075938.wav,UK,'0832991',NotAccepted,'91.58621's
20161130-080130.wav,UK,'612209561',Accepted,'57.76182's
20161130-080246.wav,UK,'420900303',NotAccepted,'83.96243's
20161130-080429.wav,UK,'60045661',Accepted,'54.70634's
20161130-080541.wav,UK,'bs1740910',Accepted,'58.91746's
20161130-080656.wav,UK,'05001796',NotAccepted,'91.27375's
20161130-080844.wav,UK,'141137941',Accepted,'27.52545's
20161130-080928.wav,UK,'830050776',Accepted,'25.91848's
20161130-081013.wav,UK,'82183679',Accepted,'84.09791's
20161130-081153.wav,UK,'017709',NotAccepted,'90.73512's
20161130-081339.wav,UK,'1361157423',Accepted,'90.25423's
20161130-081530.wav,UK,'39352',NotAccepted,'87.54214's
20161130-081719.wav,UK,'70750966',NotAccepted,'96.27452's
20161130-081915.wav,UK,'30600030',NotAccepted,'90.33518's
20161130-082102.wav,UK,'160160540',NotAccepted,'90.80592's
20161130-082251.wav,UK,'10155309',NotAccepted,'91.23359's
20161130-082440.wav,UK,'30905339016',NotAccepted,'88.58646's
20161130-082629.wav,UK,'50000',NotAccepted,'87.65019's
20161130-082817.wav,UK,'3691375348',Accepted,'28.39473's
20161130-082906.wav,UK,'08099571',NotAccepted,'91.6783's
20161130-083055.wav,UK,'006035462',NotAccepted,'90.64284's
20161130-083247.wav,UK,'3040157530',NotAccepted,'98.43898's
20161130-083447.wav,UK,'709360',NotAccepted,'82.91705's
20161130-083630.wav,UK,'040505011',Accepted,'57.68403's
20161130-083748.wav,UK,'404189',Accepted,'56.87631's
20161130-083904.wav,UK,'616025338',NotAccepted,'85.99389's
20161130-084050.wav,UK,'50390004',NotAccepted,'90.82808's
20161130-084237.wav,UK,'71090',NotAccepted,'84.41794's
20161130-084420.wav,UK,'470903434',NotAccepted,'94.20083's
20161130-084613.wav,UK,'0144965',NotAccepted,'91.71874's
20161130-084805.wav,UK,'06cx25737',NotAccepted,'85.16381's
20161130-084951.wav,UK,'20670703',NotAccepted,'89.72916's
20161130-085140.wav,UK,'06163083',NotAccepted,'92.7752's
20161130-085332.wav,UK,'7077410',NotAccepted,'92.12949's
20161130-085524.wav,UK,'7360061',NotAccepted,'91.77575's
20161130-085717.wav,UK,'9400360',Accepted,'56.25534's
20161130-085830.wav,UK,'19773045',NotAccepted,'90.15422's
20161130-090020.wav,UK,'4063705673',Accepted,'28.28501's
20161130-090105.wav,UK,'0162201256',Accepted,'26.56953's
20161130-090153.wav,UK,'15120494',NotAccepted,'91.08633's
20161130-090343.wav,UK,'476976',NotAccepted,'93.79695's
20161130-090536.wav,UK,'20006011',Accepted,'57.54877's
20161130-090651.wav,UK,'241575',NotAccepted,'87.24657's
20161130-090836.wav,UK,'246200373',NotAccepted,'87.85213's
20161130-091023.wav,UK,'4037b7517',NotAccepted,'89.90847's
20161130-091209.wav,UK,'3037566061',Accepted,'26.48939's
20161130-091257.wav,UK,'321577335',Accepted,'26.51514's
20161130-091341.wav,UK,'4m32311',NotAccepted,'85.08432's
20161130-091525.wav,UK,'704149060',Accepted,'59.82021's
20161130-091646.wav,UK,'1348903609',Accepted,'26.04567's
20161130-091733.wav,UK,'200014',NotAccepted,'86.33881's
20161130-091918.wav,UK,'59735385',NotAccepted,'93.90095's
20161130-092112.wav,UK,'7006100360',NotAccepted,'88.44796's
20161130-092300.wav,UK,'4913679411',NotAccepted,'97.18319's
20161130-092457.wav,UK,'660531235',NotAccepted,'90.58913's
20161130-092645.wav,UK,'ek03946452',NotAccepted,'89.91204's
20161130-092836.wav,UK,'364211234',Accepted,'24.92176's
20161130-092922.wav,UK,'2920073',Accepted,'89.92126's
20161130-093108.wav,UK,'1273310',NotAccepted,'95.21182's
20161130-093302.wav,UK,'4491330049',Accepted,'26.10177's
20161130-093350.wav,UK,'574543441',NotAccepted,'90.43237's
20161130-093536.wav,UK,'503046006',NotAccepted,'85.37403's
20161130-093721.wav,UK,'9026539009',NotAccepted,'92.02298's
20161130-093913.wav,UK,'06500',NotAccepted,'85.80291's
20161130-094101.wav,UK,'309331453',NotAccepted,'94.96613's
20161130-094258.wav,UK,'45600607',NotAccepted,'87.21391's
20161130-094445.wav,UK,'620380',Accepted,'83.25215's
20161130-094626.wav,UK,'695090840',NotAccepted,'90.98247's
20161130-094819.wav,UK,'055736240',NotAccepted,'92.28039's
20161130-095008.wav,UK,'8063479',Accepted,'61.52606's
20161130-095127.wav,UK,'013507852',NotAccepted,'86.48759's
20161130-095311.wav,UK,'6000165',Accepted,'58.71207's
20161130-095430.wav,UK,'7770298',NotAccepted,'88.07698's
20161130-095620.wav,UK,'1770300',NotAccepted,'82.19164's
20161130-095802.wav,UK,'656056005',NotAccepted,'91.23307's
20161130-095951.wav,UK,'30014336',NotAccepted,'84.57638's
20161130-100311.wav,UK,'78050',NotAccepted,'88.85796's
20161130-100459.wav,UK,'9152005',NotAccepted,'90.9019's
20161130-100647.wav,UK,'8370852',NotAccepted,'91.09396's
20161130-100837.wav,UK,'04103603',Accepted,'59.06437's
20161130-100954.wav,UK,'137550300',NotAccepted,'95.32393's
20161130-101147.wav,UK,'866461',Accepted,'88.52408's
20161130-101337.wav,UK,'99504304',NotAccepted,'88.47515's
20161130-101523.wav,UK,'931001',NotAccepted,'86.3497's
20161130-101709.wav,UK,'972262',NotAccepted,'85.74321's
20161130-101856.wav,UK,'120021355',Accepted,'79.06561's
20161130-102035.wav,UK,'00000000000000000000000400000000000',Accepted,'85.9182's
20161130-102218.wav,UK,'00000000000000000000000400000000000',NotAccepted,'84.86576's
20161130-102627.wav,UK,'50541',Accepted,'20.35567's
20161130-102708.wav,UK,'32270',Accepted,'16.62237's
20161130-102744.wav,UK,'00605',Accepted,'18.28821's
20161130-102824.wav,UK,'00080',Accepted,'38.11426's
20161130-102924.wav,UK,'50690',Accepted,'17.9019's
20161130-103003.wav,UK,'8400203650',Accepted,'49.63994's
20161130-103112.wav,UK,'29932',Accepted,'16.19439's
20161130-103145.wav,UK,'50030',Accepted,'68.50256's
20161130-103314.wav,UK,'0527602',Accepted,'75.66756's
20161130-103451.wav,UK,'84170',Accepted,'15.96497's
20161130-103527.wav,UK,'06090',Accepted,'67.27937's
20161130-103656.wav,UK,'510203304',Accepted,'81.07061's
20161130-103836.wav,UK,'6436722440',Accepted,'27.66838's
20161130-103920.wav,UK,'67310',Accepted,'16.9085's
20161130-103954.wav,UK,'08710',NotAccepted,'65.48447's
20161130-104118.wav,UK,'79000',NotAccepted,'62.11405's
20161130-104236.wav,UK,'12300',Accepted,'15.92055's
20161130-104312.wav,UK,'14420',Accepted,'16.04025's
20161130-104344.wav,UK,'70751',Accepted,'15.21987's
20161130-104421.wav,UK,'lx380',Accepted,'17.3479's
20161130-104458.wav,UK,'05300',Accepted,'37.8288's
20161130-104555.wav,UK,'39171',Accepted,'15.76442's
20161130-104631.wav,UK,'07137',Accepted,'16.64015's
20161130-104707.wav,UK,'64903',Accepted,'16.60312's
20161130-104745.wav,UK,'32100',Accepted,'17.83453's
20161130-104825.wav,UK,'70104',Accepted,'15.63517's
20161130-104859.wav,UK,'200051',Accepted,'39.9335's
20161130-105000.wav,UK,'65610',Accepted,'16.6035's
20161130-105037.wav,UK,'0013540586',Accepted,'89.61526's
20161130-105226.wav,UK,'04100',Accepted,'74.7861's
20161130-105403.wav,UK,'50706',Accepted,'17.207's
20161130-105442.wav,UK,'39971',Accepted,'17.80094's
20161130-105518.wav,UK,'12642',Accepted,'17.08375's
20161130-105554.wav,UK,'09474',Accepted,'17.476's
20161130-105632.wav,UK,'66010',Accepted,'17.5374's
20161130-105712.wav,UK,'04340',Accepted,'18.60494's
20161130-105748.wav,UK,'95018',Accepted,'16.92754's
20161130-105823.wav,UK,'62050',Accepted,'18.2704's
20161130-105859.wav,UK,'69600',Accepted,'19.18993's
20161130-105939.wav,UK,'407090',Accepted,'39.24826's
20161130-110038.wav,UK,'79070',Accepted,'17.77606's
20161130-110112.wav,UK,'20506345',Accepted,'49.10384's
20161130-110218.wav,UK,'45700',Accepted,'15.18501's
20161130-110252.wav,UK,'769060060',NotAccepted,'91.43634's
20161130-110443.wav,UK,'30014336',NotAccepted,'86.68492's
20161130-110629.wav,UK,'60002955',Accepted,'58.5369's
20161130-110746.wav,UK,'sa304100523',NotAccepted,'92.72945's
20161130-110938.wav,UK,'332476033',Accepted,'28.33279's
20161130-111022.wav,UK,'902016370',Accepted,'88.41682's
20161130-111212.wav,UK,'5334011089',Accepted,'26.34271's
20161130-111257.wav,UK,'6873665',NotAccepted,'87.3154's
20161130-111444.wav,UK,'7900362',NotAccepted,'91.08537's
20161130-111635.wav,UK,'40857478',NotAccepted,'94.81253's
20161130-111827.wav,UK,'64175793',NotAccepted,'89.67481's
20161130-112019.wav,UK,'090041495',Accepted,'88.68176's
20161130-112209.wav,UK,'th17040',NotAccepted,'88.43422's
20161130-112355.wav,UK,'06354770',NotAccepted,'89.47762's
20161130-112543.wav,UK,'85471617',NotAccepted,'87.64762's
20161130-112728.wav,UK,'0771749733',Accepted,'28.50194's
20161130-112813.wav,UK,'88333310',NotAccepted,'92.74532's
20161130-113001.wav,UK,'15239512',NotAccepted,'90.10378's
20161130-113153.wav,UK,'4711307161',NotAccepted,'90.45574's
20161130-113343.wav,UK,'006010fat32',NotAccepted,'96.59775's
20161130-113537.wav,UK,'4094076',NotAccepted,'85.7769's
20161130-113721.wav,UK,'0044565111',Accepted,'26.75373's
20161130-113807.wav,UK,'989134',Accepted,'89.57212's
20161130-113954.wav,UK,'5427764368',Accepted,'28.0096's
20161130-114043.wav,UK,'564765',NotAccepted,'89.38814's
20161130-114232.wav,UK,'2454337502',Accepted,'28.80428's
20161130-114318.wav,UK,'60467060',NotAccepted,'90.95805's
20161130-114511.wav,UK,'5410192022',Accepted,'28.51314's
20161130-114555.wav,UK,'229092',NotAccepted,'91.03188's
20161130-114747.wav,UK,'84070001',NotAccepted,'90.55224's
20161130-114937.wav,UK,'829029',NotAccepted,'95.37333's
20161130-115133.wav,UK,'1818400',NotAccepted,'89.25162's
20161130-115320.wav,UK,'2424656',NotAccepted,'83.37402's
20161130-115503.wav,UK,'4327695',NotAccepted,'90.28835's
20161130-115654.wav,UK,'300135051',NotAccepted,'89.33857's
20161130-115841.wav,UK,'497490345',Accepted,'27.74191's
20161130-115927.wav,UK,'8000001',NotAccepted,'90.66735's
20161130-120116.wav,UK,'303870817',NotAccepted,'90.52883's
20161130-120307.wav,UK,'62390915',NotAccepted,'94.41011's
20161130-120500.wav,UK,'47596187',NotAccepted,'90.13253's
20161130-120648.wav,UK,'7715673',NotAccepted,'83.02577's
20161130-120830.wav,UK,'96133674',NotAccepted,'86.69418's
20161130-121013.wav,UK,'10527339',NotAccepted,'90.19004's
20161130-121203.wav,UK,'02610',NotAccepted,'90.38722's
20161130-121352.wav,UK,'4624144550',Accepted,'27.17245's
20161130-121439.wav,UK,'399785649',Accepted,'27.27431's
20161130-121525.wav,UK,'200206',NotAccepted,'90.92024's
20161130-121716.wav,UK,'7068104',NotAccepted,'88.94745's
20161130-121905.wav,UK,'8055582403',Accepted,'28.94822's
20161130-121951.wav,UK,'4907201',NotAccepted,'88.87122's
20161130-122139.wav,UK,'0041000003',NotAccepted,'92.18255's
20161130-122329.wav,UK,'000363634',NotAccepted,'96.39435's
20161130-122522.wav,UK,'0038949013',NotAccepted,'92.71542's
20161130-122717.wav,UK,'220022315',Accepted,'29.06791's
20161130-122807.wav,UK,'046304300',Accepted,'62.66309's
20161130-122929.wav,UK,'33216708',NotAccepted,'90.00289's
20161130-123116.wav,UK,'6201515',NotAccepted,'87.79713's
20161130-123303.wav,UK,'502066007',Accepted,'87.05138's
20161130-123446.wav,UK,'5070317161',NotAccepted,'93.71356's
20161130-123637.wav,UK,'40662020',NotAccepted,'89.15295's
20161130-123823.wav,UK,'007907204',NotAccepted,'92.9921's
20161130-124016.wav,UK,'8511478605',Accepted,'27.867's
20161130-124106.wav,UK,'637090536',Accepted,'27.84206's
20161130-124150.wav,UK,'40500304',NotAccepted,'94.57905's
20161130-124344.wav,UK,'24806117',NotAccepted,'95.63865's
20161130-124541.wav,UK,'287757006',Accepted,'28.63402's
20161130-124631.wav,UK,'6177295',NotAccepted,'86.77288's
20161130-124819.wav,UK,'20352360',NotAccepted,'87.07865's
20161130-125004.wav,UK,'72140900',NotAccepted,'92.96466's
20161130-125158.wav,UK,'9070401310',NotAccepted,'92.8008's
20161130-125350.wav,UK,'315775',NotAccepted,'89.59762's
20161130-125539.wav,UK,'0si443290',NotAccepted,'96.26154's
20161130-125737.wav,UK,'07800507',NotAccepted,'91.00392's
20161130-125929.wav,UK,'45331648',NotAccepted,'87.60628's
20161130-130115.wav,UK,'40414216',NotAccepted,'93.42606's
20161130-130306.wav,UK,'066000',NotAccepted,'90.59076's
20161130-130457.wav,UK,'14393120',NotAccepted,'96.08268's
20161130-130652.wav,UK,'104140774',Accepted,'26.17662's
20161130-130737.wav,UK,'11456650',Accepted,'55.85847's
20161130-130853.wav,UK,'6061804506',Accepted,'85.49455's
20161130-131040.wav,UK,'1057183437',Accepted,'60.70463's
20161130-131159.wav,UK,'300172',NotAccepted,'87.74916's
20161130-131346.wav,UK,'653466345',NotAccepted,'92.74379's
20161130-131538.wav,UK,'80509003',NotAccepted,'94.89726's
20161130-131735.wav,UK,'443451468',Accepted,'25.03974's
20161130-131817.wav,UK,'53606734',NotAccepted,'94.69436's
20161130-132012.wav,UK,'3546463',NotAccepted,'90.11239's
20161130-132202.wav,UK,'80151529',NotAccepted,'89.45894's
20161130-132348.wav,UK,'76966557',NotAccepted,'90.82305's
20161130-132540.wav,UK,'90720011',NotAccepted,'93.79365's
20161130-132730.wav,UK,'7703557',NotAccepted,'88.62472's
20161130-132920.wav,UK,'5506994',NotAccepted,'84.81844's
20161130-133102.wav,UK,'300035654',NotAccepted,'90.5519's
20161130-133249.wav,UK,'37553171',NotAccepted,'90.66171's
20161130-133438.wav,UK,'604439900',NotAccepted,'90.91482's
20161130-133631.wav,UK,'5400619',NotAccepted,'87.08847's
20161130-133820.wav,UK,'3760707666',Accepted,'59.01163's
20161130-133936.wav,UK,'84365175',Accepted,'58.16315's
20161130-134054.wav,UK,'0232145',Accepted,'55.2958's
20161130-134211.wav,UK,'4s7150710',NotAccepted,'91.5216's
20161130-134402.wav,UK,'1056400433',NotAccepted,'95.33649's
20161130-134556.wav,UK,'608205',NotAccepted,'89.88743's
20161130-134747.wav,UK,'7021635837',Accepted,'27.40819's
20161130-134835.wav,UK,'097100340',NotAccepted,'90.77771's
20161130-135025.wav,UK,'37383956',NotAccepted,'88.57988's
20161130-135213.wav,UK,'4010196',NotAccepted,'91.93588's
20161130-135402.wav,UK,'0277804',NotAccepted,'87.5445's
20161130-135550.wav,UK,'460074760',NotAccepted,'89.39148's
20161130-135739.wav,UK,'6671009',NotAccepted,'91.42415's
20161130-135930.wav,UK,'10930558',NotAccepted,'89.64607's
20161130-140117.wav,UK,'716316707',NotAccepted,'86.98436's
20161130-140301.wav,UK,'77500050',NotAccepted,'90.92287's
20161130-140452.wav,UK,'307794',NotAccepted,'87.36755's
20161130-140641.wav,UK,'945239160',Accepted,'28.80204's
20161130-140727.wav,UK,'403450500',Accepted,'90.15454's
20161130-140917.wav,UK,'50660115',NotAccepted,'90.84613's
20161130-141109.wav,UK,'006300620',NotAccepted,'94.86907's
20161130-141302.wav,UK,'62319350',NotAccepted,'89.49573's
20161130-141450.wav,UK,'1957330263',NotAccepted,'93.25415's
