20161129-160450.wav,UK,'10000',NotAccepted,'61.08536's
20161129-160610.wav,UK,'01000',Accepted,'37.28439's
20161129-160704.wav,UK,'05000',Accepted,'38.94527's
20161129-160800.wav,UK,'47150',Accepted,'16.25595's
20161129-160835.wav,UK,'16200',Accepted,'16.0803's
20161129-160909.wav,UK,'50900',Accepted,'36.51585's
20161129-161005.wav,UK,'70999',Accepted,'16.28662's
20161129-161042.wav,UK,'06946',Accepted,'16.78735's
20161129-161120.wav,UK,'10703',Accepted,'36.60604's
20161129-161217.wav,UK,'55930',Accepted,'16.07293's
20161129-161252.wav,UK,'20050',Accepted,'38.56486's
20161129-161350.wav,UK,'06000',Accepted,'15.7245's
20161129-161424.wav,UK,'55530',Accepted,'16.21484's
20161129-161500.wav,UK,'09830',Accepted,'16.4709's
20161129-161532.wav,UK,'82900',Accepted,'17.38119's
20161129-161607.wav,UK,'07013',Accepted,'16.28143's
20161129-161644.wav,UK,'05919',Accepted,'15.75295's
20161129-161716.wav,UK,'06340',Accepted,'16.41241's
20161129-161749.wav,UK,'71647',Accepted,'18.93216's
20161129-161824.wav,UK,'0e7250',Accepted,'36.01184's
20161129-161919.wav,UK,'50000',Accepted,'16.97422's
20161129-161953.wav,UK,'00000',Accepted,'37.54992's
20161129-162049.wav,UK,'81400',Accepted,'15.59202's
20161129-162122.wav,UK,'13457',Accepted,'15.96509's
20161129-162157.wav,UK,'55400',Accepted,'17.9345's
20161129-162236.wav,UK,'90400',Accepted,'15.89568's
20161129-162311.wav,UK,'16000',Accepted,'37.99212's
20161129-162407.wav,UK,'58140',Accepted,'16.26159's
20161129-162443.wav,UK,'06079',Accepted,'17.99639's
20161129-162520.wav,UK,'98956',Accepted,'16.63235's
20161129-162558.wav,UK,'40500',Accepted,'38.06714's
20161129-162652.wav,UK,'00453',Accepted,'15.96042's
20161129-162727.wav,UK,'36260',Accepted,'16.03399's
20161129-162804.wav,UK,'79110',Accepted,'17.68512's
20161129-162841.wav,UK,'09090',Accepted,'17.85706's
20161129-162915.wav,UK,'33690',Accepted,'15.70556's
20161129-162950.wav,UK,'95200',Accepted,'17.78375's
20161129-163030.wav,UK,'66600',Accepted,'15.13609's
20161129-163103.wav,UK,'63900',Accepted,'16.47226's
20161129-163135.wav,UK,'04400',Accepted,'16.53218's
20161129-163209.wav,UK,'36660',Accepted,'16.73139's
20161129-163247.wav,UK,'33123',Accepted,'15.48376's
20161129-163320.wav,UK,'00100',Accepted,'16.06558's
20161129-163355.wav,UK,'04340',Accepted,'16.90919's
20161129-163429.wav,UK,'23000',Accepted,'15.91144's
20161129-163505.wav,UK,'30050',Accepted,'15.34972's
20161129-163536.wav,UK,'35300',Accepted,'15.66198's
20161129-163610.wav,UK,'46500',Accepted,'15.59832's
20161129-163642.wav,UK,'40772',Accepted,'16.02714's
20161129-163717.wav,UK,'76300',Accepted,'16.44697's
20161129-163753.wav,UK,'55025',Accepted,'16.89034's
20161129-163831.wav,UK,'26000',Accepted,'37.68033's
20161129-163929.wav,UK,'46054',Accepted,'15.78932's
20161129-164004.wav,UK,'10930',Accepted,'15.49917's
20161129-164039.wav,UK,'46000',Accepted,'36.65395's
20161129-164137.wav,UK,'11210',Accepted,'15.71935's
20161129-164213.wav,UK,'97110',Accepted,'14.87028's
20161129-164248.wav,UK,'04050',Accepted,'16.54302's
20161129-164326.wav,UK,'20000',Accepted,'15.40464's
20161129-164401.wav,UK,'70000',NotAccepted,'81.01604's
20161129-164539.wav,UK,'207001',Accepted,'74.47023's
20161129-164711.wav,UK,'9600650',Accepted,'78.84255's
20161129-164852.wav,UK,'46324',Accepted,'16.75612's
20161129-164929.wav,UK,'24700',NotAccepted,'88.34976's
20161129-165118.wav,UK,'303084440',Accepted,'46.38311's
20161129-165222.wav,UK,'213201051',Accepted,'24.94583's
20161129-165307.wav,UK,'3043513',NotAccepted,'89.78779's
20161129-165458.wav,UK,'7059403',NotAccepted,'86.09444's
20161129-165645.wav,UK,'13380',Accepted,'16.44094's
20161129-165719.wav,UK,'510252',NotAccepted,'85.74169's
20161129-165906.wav,UK,'032307157',Accepted,'59.05783's
20161129-170022.wav,UK,'18034369',NotAccepted,'88.56814's
20161129-170210.wav,UK,'30347140',Accepted,'78.04056's
20161129-170345.wav,UK,'1061317526',Accepted,'26.87051's
20161129-170430.wav,UK,'1052130',NotAccepted,'93.12107's
20161129-170621.wav,UK,'1067190',Accepted,'64.87449's
20161129-170748.wav,UK,'73000',NotAccepted,'86.21358's
20161129-170934.wav,UK,'4003637701',NotAccepted,'94.22028's
20161129-171129.wav,UK,'01356906769',Accepted,'49.8039's
20161129-171240.wav,UK,'e36730512',NotAccepted,'83.75966's
20161129-171423.wav,UK,'se150',NotAccepted,'79.54015's
20161129-171603.wav,UK,'3056507614',NotAccepted,'96.83852's
20161129-171801.wav,UK,'012913',NotAccepted,'87.23779's
20161129-172306.wav,US,'36893510',NotAccepted,'88.18576's
20161129-172453.wav,US,'31630',Accepted,'15.61789's
20161129-172527.wav,US,'21800',Accepted,'16.82845's
20161129-172602.wav,US,'128624224',Accepted,'24.19198's
20161129-172643.wav,US,'76731',Accepted,'51.17148's
20161129-172755.wav,US,'24330',Accepted,'41.81636's
20161129-172855.wav,US,'4266301714',Accepted,'28.43229's
20161129-172945.wav,US,'23050400',Accepted,'57.93566's
20161129-173102.wav,US,'1330749488',Accepted,'27.88333's
20161129-173148.wav,US,'9346673874',Accepted,'26.40972's
20161129-173236.wav,US,'73418207',Accepted,'78.01302's
20161129-173413.wav,US,'321129014',Accepted,'25.7119's
20161129-173457.wav,US,'02400',Accepted,'14.84419's
20161129-173529.wav,US,'82510',Accepted,'16.01265's
20161129-173605.wav,US,'03486',Accepted,'42.42499's
20161129-173706.wav,US,'8778405244',Accepted,'28.1821's
20161129-173755.wav,US,'28968279',Accepted,'77.3509's
20161129-173933.wav,US,'042007',Accepted,'81.76856's
20161129-174112.wav,US,'41589777',NotAccepted,'83.4541's
20161129-174257.wav,US,'3934257',Accepted,'82.63623's
20161129-174440.wav,US,'274481449',Accepted,'26.49179's
20161129-174528.wav,US,'36778',Accepted,'15.71888's
20161129-174603.wav,US,'556433950',Accepted,'26.65311's
20161129-174650.wav,US,'97752262',NotAccepted,'79.6009's
20161129-174827.wav,US,'158773232',Accepted,'25.82571's
20161129-174910.wav,US,'337870938',NotAccepted,'90.00496's
20161129-175102.wav,US,'983701115',Accepted,'25.65483's
20161129-175149.wav,US,'34310',Accepted,'15.90702's
20161129-175225.wav,US,'5304894',Accepted,'74.0824's
20161129-175401.wav,US,'826219853',Accepted,'26.78334's
20161129-175448.wav,US,'1175388057',Accepted,'26.90502's
20161129-175538.wav,US,'10750',Accepted,'15.38277's
20161129-175611.wav,US,'98236',Accepted,'16.01546's
20161129-175648.wav,US,'6487003940',Accepted,'26.92387's
20161129-175736.wav,US,'985021',NotAccepted,'84.75534's
20161129-175922.wav,US,'161404183',Accepted,'24.63147's
20161129-180008.wav,US,'00473813',Accepted,'43.6369's
20161129-180109.wav,US,'6h203',Accepted,'80.67414's
20161129-180247.wav,US,'66150',Accepted,'17.28347's
20161129-180320.wav,US,'04020',Accepted,'16.61756's
20161129-180356.wav,US,'13311',Accepted,'16.72978's
20161129-180431.wav,US,'142612535',Accepted,'48.79447's
20161129-180535.wav,US,'197314295',Accepted,'26.55068's
20161129-180621.wav,US,'15400',Accepted,'17.36021's
20161129-180654.wav,US,'399768',Accepted,'53.18199's
20161129-180806.wav,US,'8135686406',Accepted,'27.48336's
20161129-180852.wav,US,'1901/5346',NotAccepted,'87.51466's
20161129-181037.wav,US,'510275201',Accepted,'24.59263's
20161129-181120.wav,US,'7535273',NotAccepted,'84.7222's
20161129-181304.wav,US,'41771',Accepted,'17.09843's
20161129-181343.wav,US,'2356673045',NotAccepted,'80.6789's
20161129-181523.wav,US,'0967898',NotAccepted,'84.1672's
20161129-181709.wav,US,'43356007',Accepted,'58.2883's
20161129-181827.wav,US,'289749307',Accepted,'26.67913's
20161129-181915.wav,US,'128382812',Accepted,'74.57836's
20161129-182050.wav,US,'1028815',Accepted,'55.29429's
20161129-182205.wav,US,'03001987/8',Accepted,'83.08159's
20161129-182349.wav,US,'48209',Accepted,'15.06976's
20161129-182422.wav,US,'7966408',Accepted,'83.78054's
20161129-182605.wav,US,'4154624',NotAccepted,'87.01577's
20161129-182753.wav,US,'3317352',Accepted,'53.30101's
20161129-182903.wav,US,'249356130',Accepted,'26.67271's
20161129-182950.wav,US,'304333-0672',Accepted,'26.10288's
20161129-183033.wav,US,'9346701',Accepted,'53.21396's
20161129-183146.wav,US,'385246348',Accepted,'87.39243's
20161129-183332.wav,US,'574592370',Accepted,'87.7715's
20161129-183521.wav,US,'191363',Accepted,'84.31182's
20161129-183703.wav,US,'0359571947',Accepted,'26.41684's
20161129-183748.wav,US,'522449635',Accepted,'25.44885's
20161129-183833.wav,US,'65115437',NotAccepted,'83.96754's
20161129-184016.wav,US,'0054307',NotAccepted,'86.65137's
20161129-184159.wav,US,'7088105071',Accepted,'27.0096's
20161129-184244.wav,US,'08638734',NotAccepted,'87.62602's
20161129-184432.wav,US,'045/83128',Accepted,'83.63101's
20161129-184613.wav,US,'16882397',NotAccepted,'84.98555's
20161129-184759.wav,US,'6740595579',Accepted,'26.93849's
20161129-184845.wav,US,'3740435702',Accepted,'58.94993's
20161129-185003.wav,US,'57245811',Accepted,'89.69857's
20161129-185154.wav,US,'809633023',NotAccepted,'87.05053's
20161129-185342.wav,US,'6366744290',Accepted,'28.36176's
20161129-185428.wav,US,'994448364',NotAccepted,'86.36317's
20161129-185612.wav,US,'82066296',Accepted,'54.65478's
20161129-185725.wav,US,'4385452318',Accepted,'26.94465's
20161129-185812.wav,US,'06327636',NotAccepted,'91.17166's
20161129-190001.wav,US,'6837429',Accepted,'89.42122's
20161129-190151.wav,US,'0881937619',Accepted,'27.21965's
20161129-190238.wav,US,'8138507',Accepted,'55.31678's
20161129-190348.wav,US,'923416754',Accepted,'25.5959's
20161129-190434.wav,US,'580017447',NotAccepted,'87.70606's
20161129-190623.wav,US,'8341114968',NotAccepted,'95.58068's
20161129-190820.wav,US,'6076833913',NotAccepted,'92.92487's
20161129-191011.wav,US,'4495677',NotAccepted,'84.28726's
20161129-191153.wav,US,'477902502',Accepted,'25.35717's
20161129-191236.wav,US,'748746766',Accepted,'25.24076's
20161129-191317.wav,US,'74819579',Accepted,'83.34246's
20161129-191503.wav,US,'428478393',Accepted,'25.85606's
20161129-191551.wav,US,'9129922779',Accepted,'27.37024's
20161129-191634.wav,US,'693515493',Accepted,'25.48947's
20161129-191716.wav,US,'3535321',Accepted,'80.95396's
20161129-191856.wav,US,'1954963613',Accepted,'26.71178's
20161129-191944.wav,US,'99455583',NotAccepted,'88.62475's
20161129-192131.wav,US,'197741342',Accepted,'26.62607's
20161129-192215.wav,US,'0972043',Accepted,'55.25245's
20161129-192329.wav,US,'41227293',Accepted,'57.50822's
20161129-192448.wav,US,'6465234742',Accepted,'28.49159's
20161129-192533.wav,US,'28342531',NotAccepted,'88.16352's
20161129-192720.wav,US,'123148380',Accepted,'26.83934's
20161129-192805.wav,US,'143587841',Accepted,'27.04205's
20161129-192852.wav,US,'277817172',NotAccepted,'90.66743's
20161129-193040.wav,US,'0610658470',Accepted,'25.83407's
20161129-193127.wav,US,'738108595',NotAccepted,'88.69461's
20161129-193312.wav,US,'12939538',Accepted,'53.74356's
20161129-193422.wav,US,'38813814',Accepted,'87.87571's
20161129-193610.wav,US,'74770606',Accepted,'90.88082's
20161129-193802.wav,US,'54061102',Accepted,'85.85445's
20161129-193944.wav,US,'2413243',Accepted,'87.11227's
20161129-194130.wav,US,'9142399903',Accepted,'29.73458's
20161129-194219.wav,US,'397231574',Accepted,'25.81372's
20161129-194302.wav,US,'6714082588',Accepted,'26.32411's
20161129-194347.wav,US,'3135344446',Accepted,'25.23555's
20161129-194431.wav,US,'14882903',NotAccepted,'83.37581's
20161129-194614.wav,US,'7493747454',Accepted,'27.17045's
20161129-194700.wav,US,'256713699',Accepted,'56.53289's
20161129-194813.wav,US,'755351',Accepted,'82.26194's
20161129-194952.wav,US,'65860',Accepted,'50.78405's
20161129-195103.wav,US,'447739',Accepted,'55.42336's
20161129-195218.wav,US,'45555277',Accepted,'55.87845's
20161129-195329.wav,US,'6934907',Accepted,'54.948's
20161129-195447.wav,US,'369875098',Accepted,'25.71421's
20161129-195531.wav,US,'32610',NotAccepted,'86.80292's
20161129-195713.wav,US,'61494785',NotAccepted,'87.43631's
20161129-195902.wav,US,'108137751',Accepted,'25.72681's
20161129-195949.wav,US,'104235225',NotAccepted,'91.19089's
20161129-200141.wav,US,'089302093',NotAccepted,'87.29543's
20161129-200328.wav,US,'49976032901',Accepted,'91.03843's
20161129-200519.wav,US,'7827412246',Accepted,'27.49555's
20161129-200602.wav,US,'003503862',Accepted,'26.33435's
20161129-200650.wav,US,'16955404',Accepted,'56.24696's
20161129-200804.wav,US,'594263473',Accepted,'26.56709's
20161129-200855.wav,US,'916062224',Accepted,'87.83181's
20161129-201040.wav,US,'7251034676',Accepted,'27.33985's
20161129-201125.wav,US,'834681668',Accepted,'26.4503's
20161129-201212.wav,US,'264778',NotAccepted,'81.12944's
20161129-201355.wav,US,'783883545',Accepted,'27.23261's
20161129-201441.wav,US,'91324829',Accepted,'56.2434's
20161129-201557.wav,US,'472098392',Accepted,'24.44365's
20161129-201640.wav,US,'300110010567',NotAccepted,'92.59057's
20161129-201832.wav,US,'509382286770',Accepted,'58.46329's
20161129-201947.wav,US,'73695426',Accepted,'56.66152's
20161129-202105.wav,US,'0440424185',Accepted,'26.67402's
20161129-202149.wav,US,'06746799',Accepted,'85.93142's
20161129-202333.wav,US,'5709372424',Accepted,'27.49029's
20161129-202420.wav,US,'3379312175',Accepted,'27.86924's
20161129-202507.wav,US,'1430743696',Accepted,'58.67906's
20161129-202623.wav,US,'306325502',NotAccepted,'90.16102's
20161129-202811.wav,US,'63474295',Accepted,'56.02381's
20161129-202927.wav,US,'86504629',Accepted,'57.81307's
20161129-203042.wav,US,'2511031627',Accepted,'87.11639's
20161129-203231.wav,US,'69074634',NotAccepted,'92.3153's
20161129-203420.wav,US,'762685272',Accepted,'58.8998's
20161129-203538.wav,US,'1867324673',Accepted,'27.73654's
20161129-203625.wav,US,'921807914',Accepted,'25.24344's
20161129-203706.wav,US,'0626496124',Accepted,'27.02656's
20161129-203753.wav,US,'09469731',Accepted,'57.98325's
20161129-203908.wav,US,'101809010',NotAccepted,'85.72757's
20161129-204055.wav,US,'09377279',NotAccepted,'85.64334's
20161129-204240.wav,US,'543498723',Accepted,'27.07323's
20161129-204326.wav,US,'959475641',Accepted,'57.31103's
20161129-204445.wav,US,'8846722540',Accepted,'27.94783's
20161129-204534.wav,US,'46429801',Accepted,'54.80393's
20161129-204645.wav,US,'776119582',Accepted,'25.98829's
20161129-204729.wav,US,'46660581',Accepted,'57.23601's
20161129-204844.wav,US,'6487288491',Accepted,'26.58674's
20161129-204928.wav,US,'16374851',NotAccepted,'88.56808's
20161129-205115.wav,US,'3635474777',Accepted,'26.45503's
20161129-205200.wav,US,'9896710002',Accepted,'26.9469's
20161129-205246.wav,US,'9277623',Accepted,'54.54913's
20161129-205400.wav,US,'4013847',Accepted,'55.75484's
20161129-205515.wav,US,'110952504',Accepted,'60.23047's
20161129-205636.wav,US,'588707030',Accepted,'56.7971's
20161129-205755.wav,US,'7391539',Accepted,'55.00411's
20161129-205907.wav,US,'04533682',NotAccepted,'88.01533's
20161129-210052.wav,US,'50108844',Accepted,'83.0574's
20161129-210235.wav,US,'8987169762',Accepted,'26.21861's
20161129-210321.wav,US,'4429814375',Accepted,'28.94723's
20161129-210412.wav,US,'24405342',NotAccepted,'90.54626's
20161129-210559.wav,US,'8017153',Accepted,'87.05004's
20161129-210747.wav,US,'1368397',Accepted,'55.68241's
20161129-210901.wav,US,'8657510266',Accepted,'28.83026's
20161129-210946.wav,US,'9592916840',Accepted,'29.2619's
20161129-211033.wav,US,'12122970',NotAccepted,'87.36633's
20161129-211218.wav,US,'2058673274',Accepted,'29.06812's
20161129-211309.wav,US,'4393477',Accepted,'85.2801's
20161129-211454.wav,US,'73616719',Accepted,'55.80812's
20161129-211608.wav,US,'3789117',NotAccepted,'85.74768's
20161129-211753.wav,US,'34661',Accepted,'80.53592's
20161129-211930.wav,US,'486195532',Accepted,'26.02173's
20161129-212016.wav,US,'731282798',Accepted,'27.23085's
20161129-212101.wav,US,'49726221',NotAccepted,'86.304's
20161129-212245.wav,US,'47267331',Accepted,'84.50888's
20161129-212426.wav,US,'5800781',Accepted,'52.51305's
20161129-212539.wav,US,'930/400540',Accepted,'27.30197's
20161129-212629.wav,US,'86860',Accepted,'16.86046's
20161129-212706.wav,US,'47040',Accepted,'17.12785's
20161129-212745.wav,US,'39110',Accepted,'16.22911's
20161129-212822.wav,US,'77000',Accepted,'36.49161's
20161129-212919.wav,US,'15130',Accepted,'15.83914's
20161129-212955.wav,US,'07739',Accepted,'16.96643's
20161129-213029.wav,US,'57353',Accepted,'16.84744's
20161129-213102.wav,US,'724507371',Accepted,'26.34403's
20161129-213147.wav,US,'8178776551',Accepted,'26.22437's
20161129-213230.wav,US,'318925',Accepted,'51.33395's
20161129-213341.wav,US,'79279',Accepted,'51.947's
20161129-213451.wav,US,'6531755126',Accepted,'26.37663's
20161129-213538.wav,US,'902509',Accepted,'54.48433's
20161129-213649.wav,US,'921945032',Accepted,'26.7116's
20161129-213738.wav,US,'69089691',Accepted,'53.35356's
20161129-213852.wav,US,'70786490',Accepted,'57.99164's
20161129-214010.wav,US,'8393766',Accepted,'54.03379's
20161129-214122.wav,US,'173728144',Accepted,'26.52402's
20161129-214209.wav,US,'40199772',Accepted,'55.83839's
20161129-214321.wav,US,'616974',Accepted,'85.84743's
20161129-214507.wav,US,'974937749',Accepted,'56.93617's
20161129-214624.wav,US,'3344641',NotAccepted,'86.8633's
20161129-214810.wav,US,'661603',Accepted,'81.53959's
20161129-214950.wav,US,'8813796',Accepted,'52.81365's
20161129-215103.wav,US,'67367293',NotAccepted,'93.23935's
20161129-215252.wav,US,'43896504',Accepted,'84.82756's
20161129-215433.wav,US,'86573749',Accepted,'57.90056's
20161129-215549.wav,US,'3377621223',Accepted,'27.30108's
20161129-215633.wav,US,'18476104',Accepted,'58.18425's
20161129-215749.wav,US,'516443556',Accepted,'26.17511's
20161129-215835.wav,US,'1795916449',Accepted,'27.6467's
20161129-215920.wav,US,'1855686',NotAccepted,'84.87993's
20161129-220103.wav,US,'607327996',Accepted,'25.16893's
20161129-220146.wav,US,'3747503593',Accepted,'27.57197's
20161129-220231.wav,US,'393452222',Accepted,'25.18754's
20161129-220314.wav,US,'5174304758',Accepted,'28.96855's
20161129-220403.wav,US,'90503161',Accepted,'53.5806's
20161129-220517.wav,US,'9739373557',Accepted,'27.66643's
20161129-220602.wav,US,'176785756',Accepted,'27.96979's
20161129-220651.wav,US,'8193682432',Accepted,'29.13201's
20161129-220740.wav,US,'9897153312',Accepted,'27.42273's
20161129-220823.wav,US,'69813115',NotAccepted,'84.64709's
20161129-221006.wav,US,'23745839',Accepted,'84.24289's
20161129-221145.wav,US,'94134052',Accepted,'54.67029's
20161129-221302.wav,US,'84836136',Accepted,'86.67052's
20161129-221449.wav,US,'355047189',Accepted,'26.34773's
20161129-221532.wav,US,'1639705',Accepted,'52.97916's
20161129-221646.wav,US,'841495926',Accepted,'58.93881's
20161129-221804.wav,US,'491869886',Accepted,'27.13684's
20161129-221848.wav,US,'0792945425',Accepted,'26.99167's
20161129-221931.wav,US,'6857324735',Accepted,'28.73164's
20161129-222022.wav,US,'4330089014',Accepted,'26.72558's
20161129-222107.wav,US,'5735419540',Accepted,'59.6326's
20161129-222226.wav,US,'32432261',Accepted,'55.65551's
20161129-222340.wav,US,'3955702587',Accepted,'27.34913's
20161129-222430.wav,US,'718951',NotAccepted,'81.85744's
20161129-222608.wav,US,'04583338',Accepted,'85.98869's
20161129-222751.wav,US,'03077242',Accepted,'57.56911's
20161129-222906.wav,US,'5360956635',Accepted,'27.0642's
20161129-222951.wav,US,'53811063267',Accepted,'61.07816's
20161129-223109.wav,US,'131462415',NotAccepted,'93.02043's
20161129-223259.wav,US,'5310596',NotAccepted,'87.00319's
20161129-223444.wav,US,'87056722',Accepted,'84.36706's
20161129-223625.wav,US,'578673622',Accepted,'25.98804's
20161129-223709.wav,US,'541351378',Accepted,'27.51939's
20161129-223756.wav,US,'16756172',NotAccepted,'85.96277's
20161129-223939.wav,US,'2751607992',Accepted,'25.9344's
20161129-224021.wav,US,'13455238',Accepted,'82.23066's
20161129-224205.wav,US,'85154250',Accepted,'56.39406's
20161129-224319.wav,US,'68302905',Accepted,'53.55592's
20161129-224430.wav,US,'97642345',Accepted,'56.09112's
20161129-224544.wav,US,'464600324',NotAccepted,'92.98679's
20161129-224737.wav,US,'0031038786',Accepted,'93.75903's
20161129-224927.wav,US,'747778',Accepted,'53.17338's
20161129-225040.wav,US,'340473613',NotAccepted,'91.11797's
20161129-225229.wav,US,'3310631',NotAccepted,'86.90221's
20161129-225415.wav,US,'9217144629',Accepted,'28.04566's
20161129-225503.wav,US,'3350245',Accepted,'55.84057's
20161129-225620.wav,US,'4056081618',Accepted,'27.73624's
20161129-225707.wav,US,'405159410',Accepted,'28.77974's
20161129-225753.wav,US,'374376114',Accepted,'87.95337's
20161129-225942.wav,US,'112176708',Accepted,'27.04353's
20161129-230029.wav,US,'6522996432',Accepted,'26.9436's
20161129-230115.wav,US,'631811',Accepted,'52.48418's
20161129-230228.wav,US,'61620131',NotAccepted,'88.02946's
20161129-230417.wav,US,'6443875770',Accepted,'26.93704's
20161129-230501.wav,US,'283569736',Accepted,'25.65718's
20161129-230544.wav,US,'8555875',Accepted,'53.11168's
20161129-230657.wav,US,'3625587390',Accepted,'26.76619's
20161129-230743.wav,US,'785045234',Accepted,'24.36643's
20161129-230828.wav,US,'8867821482',Accepted,'28.17045's
20161129-230916.wav,US,'1002706',Accepted,'52.76182's
20161129-231026.wav,US,'7772862086',Accepted,'28.933's
20161129-231117.wav,US,'297857',Accepted,'82.60372's
20161129-231301.wav,US,'271826192',Accepted,'25.16619's
20161129-231346.wav,US,'524925557',Accepted,'26.31223's
20161129-231431.wav,US,'52550322',NotAccepted,'89.56864's
20161129-231622.wav,US,'97501554',Accepted,'58.56891's
20161129-231740.wav,US,'864113610',NotAccepted,'94.14502's
20161129-231933.wav,US,'926836',NotAccepted,'84.25143's
20161129-232118.wav,US,'057734626',NotAccepted,'88.44153's
20161129-232306.wav,US,'58971178',Accepted,'54.88385's
20161129-232421.wav,US,'449917876',Accepted,'58.7875's
20161129-232540.wav,US,'563757136',Accepted,'24.9731's
20161129-232624.wav,US,'68475883',Accepted,'56.70567's
20161129-232738.wav,US,'67002936',NotAccepted,'89.94698's
20161129-232927.wav,US,'7040988577',Accepted,'27.36776's
20161129-233015.wav,US,'803053204',Accepted,'25.13031's
20161129-233057.wav,US,'33026733683',Accepted,'61.26536's
20161129-233220.wav,US,'32291',Accepted,'16.97882's
20161129-233257.wav,US,'47850',Accepted,'16.94197's
20161129-233335.wav,US,'11200',Accepted,'16.43476's
20161129-233410.wav,US,'81615',Accepted,'16.49597's
20161129-233444.wav,US,'19630',Accepted,'16.79835's
20161129-233519.wav,US,'25600',Accepted,'15.86659's
20161129-233553.wav,US,'42510',Accepted,'16.12754's
20161129-233631.wav,US,'83210',Accepted,'15.83447's
20161129-233703.wav,US,'194730721',Accepted,'87.43101's
20161129-233849.wav,US,'117199825',Accepted,'27.11108's
20161129-233934.wav,US,'87150193',NotAccepted,'86.49498's
20161129-234119.wav,US,'3137188896',NotAccepted,'94.05991's
20161129-234310.wav,US,'9424064310',NotAccepted,'94.031's
20161129-234505.wav,US,'469830501',Accepted,'86.41544's
20161129-234649.wav,US,'129671931',Accepted,'27.28598's
20161129-234735.wav,US,'1109472198',NotAccepted,'92.85491's
20161129-234926.wav,US,'321563777',NotAccepted,'93.8664's
20161129-235122.wav,US,'1240893206',Accepted,'27.69971's
20161129-235207.wav,US,'49002951',Accepted,'56.42122's
20161129-235320.wav,US,'857251',NotAccepted,'81.45269's
20161129-235459.wav,US,'66841',Accepted,'50.17825's
20161129-235612.wav,US,'57036425',Accepted,'58.45008's
20161129-235731.wav,US,'51714488026',Accepted,'60.08757's
20161129-235849.wav,US,'312035166',Accepted,'58.15685's
20161130-000005.wav,US,'81198900',Accepted,'55.90748's
20161130-000119.wav,US,'1821145281',Accepted,'26.39972's
20161130-000205.wav,US,'37478147',Accepted,'86.94636's
20161130-000351.wav,US,'1137739',NotAccepted,'90.90694's
20161130-000538.wav,US,'8607686570',Accepted,'27.70567's
20161130-000629.wav,US,'133308329',Accepted,'26.5718's
20161130-000710.wav,US,'0457187185',Accepted,'27.46739's
20161130-000756.wav,US,'99454902',Accepted,'82.15225's
20161130-000936.wav,US,'30245703',Accepted,'84.08456's
20161130-001121.wav,US,'93004161',Accepted,'81.9975's
20161130-001304.wav,US,'350387788',Accepted,'26.30042's
20161130-001352.wav,US,'6184999425',Accepted,'26.12573's
20161130-001439.wav,US,'495101583',NotAccepted,'89.8768's
20161130-001628.wav,US,'146387525',Accepted,'56.02287's
20161130-001741.wav,US,'94209048',NotAccepted,'83.54976's
20161130-001923.wav,US,'351978957',Accepted,'25.65658's
20161130-002006.wav,US,'52421926',Accepted,'53.11744's
20161130-002116.wav,US,'0077469344',Accepted,'26.91386's
20161130-002202.wav,US,'0275401925',Accepted,'27.31079's
20161130-002250.wav,US,'0987335',NotAccepted,'87.85297's
20161130-002436.wav,US,'677485925',Accepted,'26.01199's
20161130-002522.wav,US,'3251791519',Accepted,'27.21859's
20161130-002608.wav,US,'8244758003',NotAccepted,'85.76441's
20161130-002754.wav,US,'35090296',Accepted,'86.45991's
20161130-002939.wav,US,'33737696',NotAccepted,'88.82453's
20161130-003128.wav,US,'6209550985',Accepted,'25.67134's
20161130-003213.wav,US,'489502',Accepted,'84.65427's
20161130-003359.wav,US,'338856312',Accepted,'56.6538's
20161130-003515.wav,US,'2309031348',Accepted,'25.70594's
20161130-003559.wav,US,'820680509',Accepted,'56.43233's
20161130-003714.wav,US,'07154520',Accepted,'54.47352's
20161130-003831.wav,US,'5844065639',Accepted,'27.23913's
20161130-003914.wav,US,'156295',Accepted,'83.06545's
20161130-004056.wav,US,'370910301',NotAccepted,'88.45313's
20161130-004247.wav,US,'72485931',Accepted,'85.38633's
20161130-004430.wav,US,'8391682',Accepted,'53.72187's
20161130-004541.wav,US,'87519742',Accepted,'55.44467's
20161130-004656.wav,US,'435306853',Accepted,'84.96096's
20161130-004837.wav,US,'1151339547',Accepted,'27.2251's
20161130-004922.wav,US,'94720397',NotAccepted,'87.686's
20161130-005106.wav,US,'4539137271',Accepted,'27.75235's
20161130-005153.wav,US,'20621774',Accepted,'56.66689's
20161130-005307.wav,US,'072070054',Accepted,'88.14759's
20161130-005455.wav,US,'1314108138',Accepted,'27.37377's
20161130-005539.wav,US,'360676054',Accepted,'86.74205's
20161130-005727.wav,US,'90555',Accepted,'17.08301's
20161130-005801.wav,US,'88800',Accepted,'16.08795's
20161130-005834.wav,US,'90700',Accepted,'16.36464's
20161130-005906.wav,US,'96000',Accepted,'38.45083's
20161130-010004.wav,US,'82500',Accepted,'16.4729's
20161130-010042.wav,US,'46460',Accepted,'16.57905's
20161130-010117.wav,US,'99380',Accepted,'16.78939's
20161130-010154.wav,US,'14600',Accepted,'17.54073's
20161130-010229.wav,US,'5105009',Accepted,'53.66169's
20161130-010340.wav,US,'84046537',NotAccepted,'87.32071's
20161130-010523.wav,US,'9823572',Accepted,'85.49954's
20161130-010710.wav,US,'5742250785',Accepted,'28.40189's
20161130-010756.wav,US,'493748',Accepted,'80.55522's
20161130-010935.wav,US,'88719734',NotAccepted,'85.05321's
20161130-011117.wav,US,'152221955',Accepted,'56.95773's
20161130-011233.wav,US,'611478912',Accepted,'25.93631's
20161130-011317.wav,US,'2280125103',Accepted,'26.77797's
20161130-011403.wav,US,'4025808',Accepted,'54.34681's
20161130-011518.wav,US,'030060773',Accepted,'25.88256's
20161130-011601.wav,US,'3149693',Accepted,'84.73831's
20161130-011744.wav,US,'1481382785',Accepted,'83.76337's
20161130-011929.wav,US,'13051014',Accepted,'83.40988's
20161130-012111.wav,US,'3490166403',NotAccepted,'89.16988's
20161130-012258.wav,US,'0334883906',Accepted,'27.75597's
20161130-012342.wav,US,'79524154',NotAccepted,'92.02386's
20161130-012533.wav,US,'613614186',Accepted,'27.99717's
20161130-012621.wav,US,'3823878966',Accepted,'27.88326's
20161130-012709.wav,US,'5173571',Accepted,'50.8334's
20161130-012820.wav,US,'2757174678',Accepted,'26.84261's
20161130-012908.wav,US,'394730100',Accepted,'25.45894's
20161130-012954.wav,US,'6252807',Accepted,'55.22097's
20161130-013109.wav,US,'548375956',Accepted,'26.32053's
20161130-013155.wav,US,'113123196',Accepted,'26.478's
20161130-013240.wav,US,'510439212',NotAccepted,'87.38897's
20161130-013424.wav,US,'3459457',Accepted,'55.88625's
20161130-013537.wav,US,'541119576',Accepted,'26.01114's
20161130-013621.wav,US,'701337635',Accepted,'26.88325's
20161130-013707.wav,US,'76142386',Accepted,'54.47604's
20161130-013818.wav,US,'5413163966',Accepted,'25.66139's
20161130-013902.wav,US,'1361930',NotAccepted,'83.04262's
20161130-014043.wav,US,'552170882',Accepted,'26.501's
20161130-021548.wav,UK,'63475',NotAccepted,'89.98054's
20161130-021741.wav,UK,'6050503',Accepted,'55.42955's
20161130-021857.wav,UK,'240100004',NotAccepted,'91.93197's
20161130-022046.wav,UK,'80747745',NotAccepted,'88.15284's
20161130-022233.wav,UK,'933423589',Accepted,'26.65911's
20161130-022317.wav,UK,'801060147',Accepted,'86.21122's
20161130-022505.wav,UK,'00820501',NotAccepted,'93.20775's
20161130-022656.wav,UK,'51030',Accepted,'55.54813's
20161130-022813.wav,UK,'857075354',NotAccepted,'93.53478's
20161130-023006.wav,UK,'500300016',Accepted,'89.14524's
20161130-023153.wav,UK,'567902653',NotAccepted,'92.33715's
20161130-023347.wav,UK,'203071/4065',Accepted,'58.6499's
20161130-023504.wav,UK,'4061602',Accepted,'55.68576's
20161130-023618.wav,UK,'7687595',NotAccepted,'90.60591's
20161130-025239.wav,UK,'4759110',NotAccepted,'91.51057's
20161130-025431.wav,UK,'3087004007',NotAccepted,'90.31097's
20161130-025620.wav,UK,'5070sa109',NotAccepted,'93.35945's
20161130-025816.wav,UK,'427994367',Accepted,'27.07499's
20161130-030059.wav,UK,'899943',Accepted,'55.76924's
20161130-030926.wav,UK,'074115611',NotAccepted,'94.0975's
20161130-031121.wav,UK,'459700672',NotAccepted,'89.71333's
20161130-031312.wav,UK,'40005069',NotAccepted,'91.13698's
20161130-031504.wav,UK,'4003055',Accepted,'56.43176's
20161130-031618.wav,UK,'431607557',Accepted,'57.178's
20161130-031733.wav,UK,'0332034',NotAccepted,'93.28686's
20161130-031924.wav,UK,'2477200969',Accepted,'27.89283's
20161130-032012.wav,UK,'431003',Accepted,'82.59793's
20161130-032319.wav,UK,'539408',NotAccepted,'84.94717's
20161130-032500.wav,UK,'6356007452',NotAccepted,'100.33248's
20161130-032658.wav,UK,'103168',NotAccepted,'86.23741's
20161130-033019.wav,UK,'07719043',Accepted,'56.98791's
20161130-033136.wav,UK,'890440742',NotAccepted,'97.3395's
20161130-033330.wav,UK,'5100169733',Accepted,'28.85382's
20161130-033419.wav,UK,'0032h62007',Accepted,'93.17188's
20161130-033609.wav,UK,'370791730',NotAccepted,'89.0669's
20161130-033755.wav,UK,'3377187',NotAccepted,'89.92903's
20161130-033942.wav,UK,'24680133',Accepted,'57.45801's
20161130-034058.wav,UK,'0019601',Accepted,'54.42861's
20161130-034212.wav,UK,'67408259',NotAccepted,'87.06087's
20161130-034357.wav,UK,'58765501',NotAccepted,'92.71577's
20161130-034547.wav,UK,'809435202',NotAccepted,'89.40882's
20161130-034733.wav,UK,'9700241',Accepted,'86.41308's
20161130-034918.wav,UK,'086240',Accepted,'85.35762's
20161130-035101.wav,UK,'8005441153',Accepted,'26.59763's
20161130-035146.wav,UK,'143313302',Accepted,'26.63253's
20161130-035233.wav,UK,'404063065',NotAccepted,'87.1098's
20161130-035415.wav,UK,'9505019',NotAccepted,'84.17663's
20161130-035600.wav,UK,'30176304',Accepted,'87.4572's
20161130-035745.wav,UK,'53843',NotAccepted,'85.92154's
20161130-035932.wav,UK,'1071006994',NotAccepted,'91.01583's
20161130-040124.wav,UK,'5033628483',Accepted,'27.78246's
20161130-040213.wav,UK,'66x39909',Accepted,'58.03173's
20161130-040329.wav,UK,'904005040',NotAccepted,'92.73569's
20161130-040523.wav,UK,'4640401209',Accepted,'28.33945's
20161130-040607.wav,UK,'708965461',NotAccepted,'90.5842's
20161130-040755.wav,UK,'1005093',NotAccepted,'84.52148's
20161130-040938.wav,UK,'6256044632',Accepted,'26.82451's
20161130-041023.wav,UK,'009237337',Accepted,'27.08733's
20161130-041108.wav,UK,'25060',NotAccepted,'86.29307's
20161130-041254.wav,UK,'707740',NotAccepted,'84.53507's
20161130-041435.wav,UK,'74709195',NotAccepted,'90.33344's
20161130-041625.wav,UK,'674600644',Accepted,'25.26995's
20161130-041708.wav,UK,'x604309',Accepted,'55.25305's
20161130-041820.wav,UK,'75090',Accepted,'16.47769's
20161130-041857.wav,UK,'260539175',Accepted,'29.0731's
20161130-041945.wav,UK,'956735903',Accepted,'46.73168's
20161130-042049.wav,UK,'71377',Accepted,'17.19624's
20161130-042123.wav,UK,'37031',Accepted,'15.30662's
20161130-042156.wav,UK,'73180',Accepted,'17.17166's
20161130-042232.wav,UK,'24905',Accepted,'15.95664's
20161130-042309.wav,UK,'55730',Accepted,'16.91863's
20161130-042347.wav,UK,'56209',Accepted,'17.64013's
20161130-042424.wav,UK,'60996',Accepted,'16.12797's
20161130-042457.wav,UK,'063603003',Accepted,'67.5225's
20161130-042626.wav,UK,'56050',Accepted,'36.47425's
20161130-042720.wav,UK,'98000',Accepted,'16.14535's
20161130-042753.wav,UK,'05400541',NotAccepted,'90.85247's
20161130-042940.wav,UK,'7654557',Accepted,'51.86338's
20161130-043053.wav,UK,'195773000',NotAccepted,'94.97557's
20161130-043249.wav,UK,'818007513',NotAccepted,'90.98307's
20161130-043440.wav,UK,'40113100',NotAccepted,'86.25775's
20161130-043626.wav,UK,'04416002704',Accepted,'92.43064's
20161130-043816.wav,UK,'60360',Accepted,'81.61114's
20161130-043956.wav,UK,'673147950',Accepted,'27.46714's
20161130-044044.wav,UK,'6315805',NotAccepted,'88.3378's
20161130-044232.wav,UK,'30601400',Accepted,'57.51534's
20161130-044347.wav,UK,'046575931',Accepted,'25.1087's
20161130-044430.wav,UK,'7954050378',Accepted,'27.8805's
20161130-044513.wav,UK,'',NotAccepted,'56.62729's
20161130-044629.wav,UK,'173806101',NotAccepted,'86.12469's
20161130-044815.wav,UK,'80912313',NotAccepted,'93.64412's
20161130-045007.wav,UK,'30047209',NotAccepted,'89.85334's
20161130-045155.wav,UK,'7329034',NotAccepted,'88.55692's
20161130-045342.wav,UK,'642644441',Accepted,'27.16442's
20161130-045427.wav,UK,'1005060',NotAccepted,'92.55967's
20161130-045621.wav,UK,'810423104',NotAccepted,'91.48112's
20161130-045808.wav,UK,'270012',NotAccepted,'83.0629's
20161130-045948.wav,UK,'443935433',NotAccepted,'94.05133's
20161130-050138.wav,UK,'07077173',NotAccepted,'88.21727's
20161130-050323.wav,UK,'777649325',Accepted,'27.14228's
20161130-050411.wav,UK,'284000906',Accepted,'88.93201's
20161130-050559.wav,UK,'0336265040',NotAccepted,'91.5513's
20161130-050751.wav,UK,'324982443',Accepted,'27.09019's
20161130-050835.wav,UK,'7556173013',Accepted,'27.02992's
20161130-050922.wav,UK,'41600013',NotAccepted,'91.33239's
20161130-051116.wav,UK,'30033042',NotAccepted,'85.37917's
20161130-051303.wav,UK,'040023054',NotAccepted,'87.56369's
20161130-051450.wav,UK,'61513672',NotAccepted,'85.83286's
20161130-051635.wav,UK,'04809',NotAccepted,'89.02554's
20161130-051822.wav,UK,'656303636',Accepted,'25.85629's
20161130-051907.wav,UK,'100356325',NotAccepted,'92.47539's
20161130-052057.wav,UK,'7ce012010',Accepted,'58.48762's
20161130-052217.wav,UK,'004706',Accepted,'86.73576's
20161130-052405.wav,UK,'999s03e04',Accepted,'58.72604's
20161130-052521.wav,UK,'8454714',Accepted,'56.69647's
20161130-052638.wav,UK,'gu167360',NotAccepted,'85.13288's
20161130-052824.wav,UK,'03705009',NotAccepted,'91.46455's
20161130-053015.wav,UK,'p01721090',NotAccepted,'94.3162's
20161130-053209.wav,UK,'0401461',NotAccepted,'88.94949's
20161130-053357.wav,UK,'836403040',NotAccepted,'90.79076's
20161130-053549.wav,UK,'2a440991',NotAccepted,'92.95874's
20161130-053742.wav,UK,'214063967',Accepted,'26.64757's
20161130-053828.wav,UK,'9414984',Accepted,'55.90564's
20161130-053944.wav,UK,'018257',NotAccepted,'89.15647's
20161130-054131.wav,UK,'0460342',NotAccepted,'84.77237's
20161130-054315.wav,UK,'0400017831',NotAccepted,'95.38646's
20161130-054507.wav,UK,'8104654514',Accepted,'29.03186's
20161130-054553.wav,UK,'50663330',NotAccepted,'88.05637's
20161130-054743.wav,UK,'7095075408',NotAccepted,'91.15854's
20161130-054935.wav,UK,'69bet365.com6',Accepted,'66.82663's
20161130-055101.wav,UK,'02224307',NotAccepted,'86.49581's
20161130-055246.wav,UK,'512131052',Accepted,'25.53103's
20161130-055328.wav,UK,'285570',NotAccepted,'87.68525's
20161130-055515.wav,UK,'4547363995',Accepted,'27.75928's
20161130-055559.wav,UK,'070373005',NotAccepted,'90.63986's
20161130-055747.wav,UK,'43600903',Accepted,'86.68301's
20161130-055932.wav,UK,'91700',NotAccepted,'83.15616's
20161130-060114.wav,UK,'101404',NotAccepted,'91.94243's
20161130-060305.wav,UK,'144201352',Accepted,'26.96097's
20161130-060348.wav,UK,'69403736',NotAccepted,'91.41321's
20161130-060540.wav,UK,'4002250066',Accepted,'88.84945's
20161130-060726.wav,UK,'307541853',NotAccepted,'97.76814's
20161130-060920.wav,UK,'0643439',NotAccepted,'88.53857's
20161130-061105.wav,UK,'4605450583',Accepted,'27.74323's
20161130-061149.wav,UK,'0163655044',Accepted,'27.15399's
20161130-061236.wav,UK,'007709',Accepted,'55.09569's
20161130-061350.wav,UK,'468345',Accepted,'81.65385's
20161130-061532.wav,UK,'439304',NotAccepted,'84.88976's
20161130-061718.wav,UK,'101000',NotAccepted,'84.03716's
20161130-061901.wav,UK,'0004566620',Accepted,'60.59709's
20161130-062018.wav,UK,'50700',NotAccepted,'86.63004's
20161130-062203.wav,UK,'1783930633',Accepted,'28.23278's
20161130-062251.wav,UK,'30295116',NotAccepted,'87.37018's
20161130-062437.wav,UK,'7304560138',NotAccepted,'96.71961's
20161130-062633.wav,UK,'0083225',NotAccepted,'88.56166's
20161130-062821.wav,UK,'751320436',Accepted,'93.29225's
20161130-063013.wav,UK,'0050568',NotAccepted,'93.65104's
20161130-063206.wav,UK,'304420506',NotAccepted,'95.06531's
20161130-063359.wav,UK,'0020357',NotAccepted,'90.47151's
20161130-063551.wav,UK,'300470943',NotAccepted,'87.60559's
20161130-063740.wav,UK,'00940',Accepted,'48.02188's
20161130-063848.wav,UK,'35376',Accepted,'16.27796's
20161130-063924.wav,UK,'ss04452435',Accepted,'83.19097's
20161130-064105.wav,UK,'24000',Accepted,'15.26443's
20161130-064138.wav,UK,'7001314670',Accepted,'47.20364's
20161130-064242.wav,UK,'707617515',Accepted,'46.17362's
20161130-064348.wav,UK,'04011',Accepted,'17.2638's
20161130-064424.wav,UK,'66600',Accepted,'16.19992's
20161130-064458.wav,UK,'35400',Accepted,'16.37149's
20161130-064533.wav,UK,'103005',Accepted,'40.70295's
20161130-064634.wav,UK,'22000',Accepted,'17.56669's
20161130-064713.wav,UK,'50600',Accepted,'35.02773's
20161130-064806.wav,UK,'00600',Accepted,'38.63935's
20161130-064902.wav,UK,'30004',Accepted,'36.1488's
20161130-064954.wav,UK,'20840',Accepted,'16.64012's
20161130-065031.wav,UK,'91460',Accepted,'16.02327's
20161130-065102.wav,UK,'30910',Accepted,'16.4116's
20161130-065138.wav,UK,'43913',Accepted,'17.47525's
20161130-065215.wav,UK,'49500',Accepted,'15.80448's
20161130-065251.wav,UK,'54300',Accepted,'56.74251's
20161130-065407.wav,UK,'04600',Accepted,'58.62171's
20161130-065525.wav,UK,'83450',Accepted,'15.59671's
20161130-065559.wav,UK,'02073',Accepted,'36.25604's
20161130-065657.wav,UK,'80000',Accepted,'36.4938's
20161130-065753.wav,UK,'54400',Accepted,'16.20545's
20161130-065830.wav,UK,'15137',Accepted,'16.3179's
20161130-065903.wav,UK,'70000',Accepted,'36.26628's
20161130-070002.wav,UK,'06000',Accepted,'37.92389's
20161130-070101.wav,UK,'18679',Accepted,'15.79345's
20161130-070137.wav,UK,'12340',Accepted,'17.06812's
20161130-070211.wav,UK,'43250',Accepted,'14.30379's
20161130-070242.wav,UK,'51156',Accepted,'17.39872's
20161130-070317.wav,UK,'20590',Accepted,'16.20042's
20161130-070351.wav,UK,'60800',Accepted,'16.99759's
20161130-070427.wav,UK,'47238',Accepted,'16.58758's
20161130-070503.wav,UK,'530600735',NotAccepted,'83.50103's
20161130-070646.wav,UK,'4332589325',Accepted,'26.93789's
20161130-070732.wav,UK,'804050503',Accepted,'58.75085's
20161130-070852.wav,UK,'656049678',Accepted,'60.90345's
20161130-071013.wav,UK,'1349143144',Accepted,'26.81247's
20161130-071056.wav,UK,'104045000',NotAccepted,'94.67839's
20161130-071253.wav,UK,'00648',Accepted,'84.00264's
20161130-071437.wav,UK,'975003',NotAccepted,'88.44197's
20161130-071626.wav,UK,'104059020',NotAccepted,'89.61084's
20161130-071815.wav,UK,'0771190',NotAccepted,'93.18015's
20161130-072008.wav,UK,'60466',Accepted,'15.76768's
20161130-072043.wav,UK,'10000',Accepted,'16.89737's
20161130-072118.wav,UK,'36000',Accepted,'15.96462's
20161130-072156.wav,UK,'13610',Accepted,'15.70106's
20161130-072230.wav,UK,'54700',Accepted,'17.58368's
20161130-072306.wav,UK,'20870',Accepted,'15.9828's
20161130-072340.wav,UK,'09799000',NotAccepted,'87.45921's
20161130-072528.wav,UK,'01264962',NotAccepted,'91.45647's
20161130-072720.wav,UK,'39674668',NotAccepted,'96.37966's
20161130-072917.wav,UK,'7052360772',Accepted,'27.62283's
20161130-073003.wav,UK,'90510709',NotAccepted,'88.51741's
20161130-073151.wav,UK,'37590337',Accepted,'56.14405's
20161130-073307.wav,UK,'404639137',Accepted,'59.83981's
20161130-073424.wav,UK,'6060407',NotAccepted,'92.14198's
20161130-073613.wav,UK,'9509411716',Accepted,'26.60815's
20161130-073657.wav,UK,'0500803',NotAccepted,'90.72152's
20161130-073846.wav,UK,'0650060',NotAccepted,'93.18731's
20161130-074040.wav,UK,'279305651',Accepted,'25.7878's
20161130-074127.wav,UK,'911130',NotAccepted,'84.55082's
20161130-074310.wav,UK,'5077061174',Accepted,'58.5325's
20161130-074425.wav,UK,'710071600',NotAccepted,'89.95914's
20161130-074616.wav,UK,'180316314',NotAccepted,'85.71239's
20161130-074801.wav,UK,'0311211510',Accepted,'26.15069's
20161130-074846.wav,UK,'301063603',Accepted,'88.61831's
20161130-075031.wav,UK,'0131584434',Accepted,'26.72837's
20161130-075116.wav,UK,'00470903',NotAccepted,'85.64106's
20161130-075259.wav,UK,'2025040709',Accepted,'59.09535's
20161130-075414.wav,UK,'4747000',NotAccepted,'87.70734's
20161130-075601.wav,UK,'01375',NotAccepted,'89.43017's
20161130-075747.wav,UK,'3013402',NotAccepted,'85.70302's
20161130-075930.wav,UK,'910547',NotAccepted,'91.67656's
20161130-080123.wav,UK,'2566100',NotAccepted,'86.42056's
20161130-080306.wav,UK,'034593605',NotAccepted,'90.76651's
20161130-080453.wav,UK,'4200094',NotAccepted,'91.42516's
20161130-080647.wav,UK,'307920',NotAccepted,'90.85262's
20161130-080834.wav,UK,'1375511703',Accepted,'27.16989's
20161130-080918.wav,UK,'00044996',NotAccepted,'86.81922's
20161130-081101.wav,UK,'a5910003',NotAccepted,'90.14433's
20161130-081248.wav,UK,'671250037',Accepted,'26.15389's
20161130-081336.wav,UK,'60101171',NotAccepted,'89.58236's
20161130-081523.wav,UK,'600029989',NotAccepted,'84.69369's
20161130-081706.wav,UK,'646844620',NotAccepted,'87.33053's
20161130-081850.wav,UK,'83557760',NotAccepted,'93.88139's
20161130-082042.wav,UK,'024787370',Accepted,'26.21603's
20161130-082128.wav,UK,'8501967011',NotAccepted,'87.39813's
20161130-082314.wav,UK,'0020965703',NotAccepted,'97.45158's
20161130-082511.wav,UK,'956573',NotAccepted,'91.32902's
20161130-082701.wav,UK,'430091333',NotAccepted,'86.93142's
20161130-082848.wav,UK,'3001090',NotAccepted,'87.54202's
20161130-083032.wav,UK,'6003995',NotAccepted,'84.15994's
20161130-083213.wav,UK,'50706209',NotAccepted,'90.0362's
20161130-083359.wav,UK,'572229483',Accepted,'27.58043's
20161130-083448.wav,UK,'493555437',Accepted,'26.43496's
20161130-083531.wav,UK,'638447965',NotAccepted,'88.84414's
20161130-083716.wav,UK,'9748760990',Accepted,'28.23939's
20161130-083800.wav,UK,'3246810',Accepted,'84.73368's
20161130-083946.wav,UK,'50501416',NotAccepted,'81.65759's
20161130-084124.wav,UK,'760042730',NotAccepted,'89.36766's
20161130-084313.wav,UK,'1569075',Accepted,'57.08102's
20161130-084428.wav,UK,'1653160',Accepted,'84.55633's
20161130-084612.wav,UK,'40719814',Accepted,'60.02401's
20161130-084734.wav,UK,'963013205',Accepted,'89.16844's
20161130-084919.wav,UK,'7222019407',Accepted,'28.87388's
20161130-085008.wav,UK,'2771116',Accepted,'58.19139's
20161130-085124.wav,UK,'4061463476',Accepted,'26.8209's
20161130-085207.wav,UK,'3029338816',Accepted,'61.08052's
20161130-085328.wav,UK,'32656719',Accepted,'84.90052's
20161130-085511.wav,UK,'900165501',Accepted,'58.69008's
20161130-085629.wav,UK,'20956166',Accepted,'57.51783's
20161130-085746.wav,UK,'091410145',NotAccepted,'91.2411's
20161130-085937.wav,UK,'ora-300360',NotAccepted,'94.51719's
20161130-090127.wav,UK,'336973615',NotAccepted,'89.68767's
20161130-090315.wav,UK,'5176222705',Accepted,'27.78481's
20161130-090404.wav,UK,'08321019',NotAccepted,'88.00289's
20161130-090548.wav,UK,'6081504',NotAccepted,'92.18037's
20161130-090740.wav,UK,'0059750607',NotAccepted,'95.06834's
20161130-090933.wav,UK,'1000701104',NotAccepted,'87.78266's
20161130-091123.wav,UK,'4026016541',Accepted,'28.50637's
20161130-091212.wav,UK,'2130081498',Accepted,'28.68469's
20161130-091301.wav,UK,'0902315',NotAccepted,'86.87033's
20161130-091448.wav,UK,'055674637',Accepted,'26.37184's
20161130-091534.wav,UK,'3033324161',NotAccepted,'98.3484's
20161130-091731.wav,UK,'74707953',NotAccepted,'86.44619's
20161130-091916.wav,UK,'13050030',Accepted,'56.82561's
20161130-092033.wav,UK,'500630306',NotAccepted,'91.89345's
20161130-092225.wav,UK,'560037',NotAccepted,'89.98154's
20161130-092415.wav,UK,'26046307',NotAccepted,'86.665's
20161130-092601.wav,UK,'34377782506',NotAccepted,'95.16136's
20161130-092757.wav,UK,'3062650',NotAccepted,'89.69218's
20161130-092947.wav,UK,'30306600',NotAccepted,'93.01345's
20161130-093137.wav,UK,'4000004',NotAccepted,'88.22608's
20161130-093325.wav,UK,'33502002',NotAccepted,'87.94207's
20161130-093514.wav,UK,'709670186',NotAccepted,'93.7898's
20161130-093708.wav,UK,'43976',NotAccepted,'84.19436's
20161130-093849.wav,UK,'6500ss116',Accepted,'89.69663's
20161130-094038.wav,UK,'64601416',NotAccepted,'85.24181's
20161130-094222.wav,UK,'7107046005',NotAccepted,'94.76861's
20161130-094417.wav,UK,'005045550',NotAccepted,'93.7066's
20161130-094609.wav,UK,'75600',NotAccepted,'89.12972's
20161130-094800.wav,UK,'009103701',Accepted,'56.29386's
20161130-094918.wav,UK,'532966119',NotAccepted,'90.56648's
20161130-095107.wav,UK,'535940360',NotAccepted,'91.78555's
20161130-095259.wav,UK,'00067167',NotAccepted,'87.31132's
20161130-095446.wav,UK,'98720956',NotAccepted,'86.91998's
20161130-095633.wav,UK,'30763915',Accepted,'55.04208's
20161130-095748.wav,UK,'07435416',Accepted,'87.76964's
20161130-095934.wav,UK,'050608704',NotAccepted,'94.46288's
20161130-100131.wav,UK,'441875432',Accepted,'26.7365's
20161130-100216.wav,UK,'603338483',Accepted,'26.85895's
20161130-100311.wav,UK,'6706053646',Accepted,'57.55365's
20161130-100426.wav,UK,'300746002',NotAccepted,'85.25336's
20161130-100610.wav,UK,'6017310720',Accepted,'26.58685's
20161130-100659.wav,UK,'15400330',NotAccepted,'87.09361's
20161130-100845.wav,UK,'6700679',NotAccepted,'80.81644's
20161130-101024.wav,UK,'677001',Accepted,'86.53767's
20161130-101208.wav,UK,'436764903',NotAccepted,'89.03362's
20161130-101356.wav,UK,'6903573',NotAccepted,'93.40299's
20161130-101547.wav,UK,'7603629353',Accepted,'28.59706's
20161130-101635.wav,UK,'320604600',NotAccepted,'83.22723's
20161130-101817.wav,UK,'mas113',NotAccepted,'81.94172's
20161130-101958.wav,UK,'0tn1050',NotAccepted,'81.442's
20161130-102137.wav,UK,'61576520',NotAccepted,'87.04797's
20161130-102626.wav,UK,'923/41',Accepted,'39.75768's
20161130-102727.wav,UK,'40000',Accepted,'16.78369's
20161130-102807.wav,UK,'38040',Accepted,'17.01415's
20161130-102842.wav,UK,'76810',Accepted,'16.15997's
20161130-102920.wav,UK,'73339',Accepted,'16.51522's
20161130-102954.wav,UK,'41470',Accepted,'15.98678's
20161130-103032.wav,UK,'58074',Accepted,'17.75934's
20161130-103111.wav,UK,'6903565',NotAccepted,'83.39001's
20161130-103252.wav,UK,'00000000000000000000000400000000000',Accepted,'85.0225's
20161130-103436.wav,UK,'73099',Accepted,'41.95646's
20161130-103538.wav,UK,'35000',NotAccepted,'161.19256's
20161130-103837.wav,UK,'85650305',NotAccepted,'87.86417's
20161130-104026.wav,UK,'71070107',Accepted,'57.38721's
20161130-104143.wav,UK,'38120096',Accepted,'47.20148's
20161130-104247.wav,UK,'00000000000000000000000400000000000',NotAccepted,'172.16811's
20161130-104557.wav,UK,'00000000000000000000000400000000000',NotAccepted,'211.58995's
20161130-104948.wav,UK,'00000000000000000000000400000000000',NotAccepted,'125.90263's
20161130-105213.wav,UK,'005113',Accepted,'55.02325's
20161130-105328.wav,UK,'80619229',NotAccepted,'95.07051's
20161130-105524.wav,UK,'01644',Accepted,'16.75299's
20161130-105558.wav,UK,'93549',Accepted,'18.09087's
20161130-105638.wav,UK,'00300',Accepted,'41.20581's
20161130-105738.wav,UK,'61080',Accepted,'16.53167's
20161130-105814.wav,UK,'27050',Accepted,'17.27436's
20161130-105850.wav,UK,'38853',Accepted,'17.68431's
20161130-105928.wav,UK,'89gu155',NotAccepted,'85.48289's
20161130-110110.wav,UK,'9062407147',Accepted,'27.53359's
20161130-110156.wav,UK,'02200222',NotAccepted,'93.42439's
20161130-110350.wav,UK,'004810606',NotAccepted,'89.3274's
20161130-110537.wav,UK,'04771914',NotAccepted,'91.84497's
20161130-110728.wav,UK,'9433303',NotAccepted,'85.42945's
20161130-110913.wav,UK,'97091640',NotAccepted,'91.81064's
20161130-111107.wav,UK,'9047030',Accepted,'87.75586's
20161130-111256.wav,UK,'0020793',NotAccepted,'87.74333's
20161130-111440.wav,UK,'1766064115',Accepted,'27.22259's
20161130-111525.wav,UK,'20070352',NotAccepted,'88.54622's
20161130-111711.wav,UK,'18504000',NotAccepted,'91.40439's
20161130-111903.wav,UK,'54040',NotAccepted,'90.18779's
20161130-112053.wav,UK,'570p250342',NotAccepted,'96.82355's
20161130-112252.wav,UK,'70949368',Accepted,'87.20508's
20161130-112442.wav,UK,'3007986420',NotAccepted,'85.47061's
20161130-112626.wav,UK,'90549504',Accepted,'58.01378's
20161130-112739.wav,UK,'8050550',NotAccepted,'88.28544's
20161130-112925.wav,UK,'6543940307',Accepted,'92.50706's
20161130-113117.wav,UK,'0/410340',Accepted,'56.79621's
20161130-113231.wav,UK,'17700030',NotAccepted,'87.98829's
20161130-113419.wav,UK,'4557327751',Accepted,'28.07666's
20161130-113506.wav,UK,'50200',NotAccepted,'86.07059's
20161130-113648.wav,UK,'36060682',NotAccepted,'91.88891's
20161130-113840.wav,UK,'3330796411',Accepted,'27.87503's
20161130-113925.wav,UK,'3300697779',NotAccepted,'90.99217's
20161130-114113.wav,UK,'57050166',NotAccepted,'91.78392's
20161130-114303.wav,UK,'72119470',NotAccepted,'91.62975's
20161130-114455.wav,UK,'9034434',Accepted,'54.34361's
20161130-114611.wav,UK,'544256305',NotAccepted,'91.03023's
20161130-114805.wav,UK,'270534709',NotAccepted,'91.96355's
20161130-114953.wav,UK,'00500384',NotAccepted,'91.24422's
20161130-115141.wav,UK,'610304219',NotAccepted,'93.10063's
20161130-115332.wav,UK,'207445551',Accepted,'27.17253's
20161130-115417.wav,UK,'913006',NotAccepted,'90.24598's
20161130-115607.wav,UK,'7086661690',NotAccepted,'98.64758's
20161130-115804.wav,UK,'43506646',NotAccepted,'89.67298's
20161130-115954.wav,UK,'104050',NotAccepted,'82.11811's
20161130-120136.wav,UK,'6070080',NotAccepted,'87.59269's
20161130-120323.wav,UK,'146017405',NotAccepted,'95.7034's
20161130-120513.wav,UK,'0516596',NotAccepted,'89.55073's
20161130-120702.wav,UK,'744424835',Accepted,'27.82782's
20161130-120747.wav,UK,'5717129',Accepted,'84.44304's
20161130-120930.wav,UK,'135711600',NotAccepted,'91.97151's
20161130-121120.wav,UK,'70970930',Accepted,'84.47365's
20161130-121302.wav,UK,'806100475',Accepted,'26.34807's
20161130-121348.wav,UK,'20206761',NotAccepted,'93.95972's
20161130-121541.wav,UK,'021002030',NotAccepted,'91.19164's
20161130-121728.wav,UK,'0170544',NotAccepted,'91.16322's
20161130-121919.wav,UK,'079526',NotAccepted,'87.80908's
